# t_sec, x, y, z, vx, vy, vz
0.000000000e+00,2.155175147613e+04,-6.023027756397e+04,1.668940039794e+04,-3.418646669094e-01,9.141001349422e-01,-7.987842045796e-02
6.000000000e+01,2.153123893753e+04,-6.017542971530e+04,1.668460718259e+04,-3.418866260403e-01,9.141615049793e-01,-7.989543098355e-02
2.858802145e+02,2.145400414895e+04,-5.996891254621e+04,1.666655312313e+04,-3.419696259479e-01,9.143934908859e-01,-7.995982864109e-02
5.707684601e+02,2.135656602367e+04,-5.970837066175e+04,1.664376184386e+04,-3.420750603809e-01,9.146882337276e-01,-8.004186599426e-02
8.538898767e+02,2.125970231609e+04,-5.944936108414e+04,1.662108862818e+04,-3.421806813892e-01,9.149835566845e-01,-8.012431053614e-02
1.135855722e+03,2.116320412216e+04,-5.919132522319e+04,1.659848462522e+04,-3.422867141622e-01,9.152800899643e-01,-8.020734056623e-02
1.416621067e+03,2.106708695387e+04,-5.893430455797e+04,1.657595346864e+04,-3.423931414280e-01,9.155777860044e-01,-8.029094587477e-02
1.696149236e+03,2.097136351807e+04,-5.867833306884e+04,1.655349814522e+04,-3.424999484875e-01,9.158766044073e-01,-8.037511812875e-02
1.974450498e+03,2.087603045443e+04,-5.842340177259e+04,1.653111787809e+04,-3.426071382942e-01,9.161765541479e-01,-8.045986284331e-02
2.251561721e+03,2.078107528474e+04,-5.816947730291e+04,1.650880974609e+04,-3.427147242380e-01,9.164776734258e-01,-8.054519387256e-02
2.527497432e+03,2.068649317465e+04,-5.791654673303e+04,1.648657261801e+04,-3.428227113349e-01,9.167799770299e-01,-8.063111855166e-02
2.802239058e+03,2.059229063679e+04,-5.766462748029e+04,1.646440803082e+04,-3.429310916204e-01,9.170834434159e-01,-8.071763390816e-02
3.075802564e+03,2.049846234592e+04,-5.741370530531e+04,1.644231473856e+04,-3.430398706309e-01,9.173880888399e-01,-8.080474773641e-02
3.348189176e+03,2.040500802827e+04,-5.716377947736e+04,1.642029268311e+04,-3.431490481211e-01,9.176939133779e-01,-8.089246325475e-02
3.619406981e+03,2.031192505652e+04,-5.691484297164e+04,1.639834125180e+04,-3.432586265902e-01,9.180009247996e-01,-8.098078591421e-02
3.889469128e+03,2.021920906339e+04,-5.666688410967e+04,1.637645942007e+04,-3.433686106567e-01,9.183091368254e-01,-8.106972292865e-02
4.158344345e+03,2.012687093455e+04,-5.641993200584e+04,1.635464976512e+04,-3.434789867494e-01,9.186185122006e-01,-8.115926679984e-02
4.426140587e+03,2.003487373493e+04,-5.617388788016e+04,1.633290356479e+04,-3.435897986712e-01,9.189291745092e-01,-8.124945667934e-02
4.692735741e+03,1.994325955706e+04,-5.592886430890e+04,1.631123077286e+04,-3.437009952563e-01,9.192409811133e-01,-8.134025453088e-02
4.958228424e+03,1.985199466000e+04,-5.568477105295e+04,1.628962341452e+04,-3.438126168324e-01,9.195540458972e-01,-8.143169687003e-02
5.222606692e+03,1.976108328493e+04,-5.544161945554e+04,1.626808249354e+04,-3.439246579523e-01,9.198683544205e-01,-8.152378298102e-02
5.485818664e+03,1.967054341972e+04,-5.519945762853e+04,1.624661227889e+04,-3.440370958293e-01,9.201838435759e-01,-8.161649779048e-02
5.747876128e+03,1.958037116513e+04,-5.495827514555e+04,1.622521185771e+04,-3.441499344385e-01,9.205005253221e-01,-8.170984817651e-02
6.008849369e+03,1.949054248098e+04,-5.471800770762e+04,1.620387552922e+04,-3.442632033459e-01,9.208184834750e-01,-8.180386235638e-02
6.268649821e+03,1.940108800038e+04,-5.447873725175e+04,1.618261057692e+04,-3.443768632631e-01,9.211376085842e-01,-8.189851146052e-02
6.527353472e+03,1.931198171110e+04,-5.424039420325e+04,1.616141082694e+04,-3.444909464644e-01,9.214579921005e-01,-8.199382609818e-02
6.784935930e+03,1.922323215980e+04,-5.400300142411e+04,1.614027831814e+04,-3.446054414350e-01,9.217796025446e-01,-8.208980048974e-02
7.041419399e+03,1.913483184355e+04,-5.376653884654e+04,1.611921127065e+04,-3.447203572184e-01,9.221024661804e-01,-8.218644606931e-02
7.296824052e+03,1.904677394993e+04,-5.353098824866e+04,1.609820806421e+04,-3.448357021983e-01,9.224266074449e-01,-8.228377383677e-02
7.551090356e+03,1.895907915450e+04,-5.329640493845e+04,1.607727363865e+04,-3.449514485643e-01,9.227519490548e-01,-8.238176421686e-02
7.804271222e+03,1.887172936156e+04,-5.306274051224e+04,1.605640368423e+04,-3.450676193837e-01,9.230785567181e-01,-8.248044063255e-02
8.056352710e+03,1.878472952716e+04,-5.283000822924e+04,1.603559939208e+04,-3.451842073952e-01,9.234064109105e-01,-8.257980090033e-02
8.307432589e+03,1.869804604305e+04,-5.259811818414e+04,1.601485272439e+04,-3.453012573572e-01,9.237356384270e-01,-8.267988733268e-02
8.557368219e+03,1.861172829852e+04,-5.236720250104e+04,1.599417550669e+04,-3.454187020078e-01,9.240660509949e-01,-8.278064651242e-02
8.806233222e+03,1.852575102439e+04,-5.213719358327e+04,1.597356169907e+04,-3.455365747356e-01,9.243977434360e-01,-8.288211106061e-02
9.054043658e+03,1.844010881533e+04,-5.190807697135e+04,1.595301001009e+04,-3.456548823826e-01,9.247307359366e-01,-8.298429104035e-02
9.300813781e+03,1.835479688512e+04,-5.167983986126e+04,1.593251929334e+04,-3.457736311039e-01,9.250650467710e-01,-8.308719602262e-02
9.546440787e+03,1.826985093070e+04,-5.145257775684e+04,1.591209813577e+04,-3.458927702142e-01,9.254005341598e-01,-8.319078617147e-02
9.791048663e+03,1.818522822827e+04,-5.122617635865e+04,1.589173627826e+04,-3.460123586968e-01,9.257373651220e-01,-8.329511691976e-02
1.003460795e+04,1.810093910818e+04,-5.100066330515e+04,1.587143620864e+04,-3.461323814802e-01,9.260754981833e-01,-8.340017948482e-02
1.027710790e+04,1.801698743825e+04,-5.077604894633e+04,1.585119886615e+04,-3.462528323056e-01,9.264149166710e-01,-8.350597268612e-02
1.051863615e+04,1.793334301171e+04,-5.055225246340e+04,1.583101696906e+04,-3.463737541402e-01,9.267557426657e-01,-8.361253875043e-02
1.075906961e+04,1.785004860419e+04,-5.032938830657e+04,1.581090084335e+04,-3.464950845163e-01,9.270978010873e-01,-8.371982705438e-02
1.099847478e+04,1.776708133436e+04,-5.010739525696e+04,1.579084497566e+04,-3.466168557561e-01,9.274411840250e-01,-8.382787049974e-02
1.123687075e+04,1.768443472266e+04,-4.988625597824e+04,1.577084780333e+04,-3.467390767954e-01,9.277859176896e-01,-8.393668154780e-02
1.147420538e+04,1.760212699995e+04,-4.966601925302e+04,1.575091374614e+04,-3.468617198506e-01,9.281319247149e-01,-8.404623993839e-02
1.171054867e+04,1.752013402977e+04,-4.944662049931e+04,1.573103696604e+04,-3.469848201101e-01,9.284793053907e-01,-8.415658164261e-02
1.194585179e+04,1.743847290539e+04,-4.922810545703e+04,1.571122161288e+04,-3.471083512005e-01,9.288279863210e-01,-8.426768762511e-02
1.218016871e+04,1.735712503692e+04,-4.901042438347e+04,1.569146318226e+04,-3.472323405064e-01,9.291780458390e-01,-8.437958715457e-02
1.241344880e+04,1.727610815235e+04,-4.879362471899e+04,1.567176598730e+04,-3.473567602309e-01,9.295294065078e-01,-8.449225980950e-02
1.264572650e+04,1.719541043996e+04,-4.857767485797e+04,1.565212716654e+04,-3.474816275814e-01,9.298821179586e-01,-8.460572581739e-02
1.287702679e+04,1.711502336351e+04,-4.836255195804e+04,1.563254464655e+04,-3.476069551350e-01,9.302362167931e-01,-8.472000141997e-02
1.310731369e+04,1.703495957287e+04,-4.814828987276e+04,1.561302151530e+04,-3.477327224128e-01,9.305916462248e-01,-8.483507275039e-02
1.333660792e+04,1.695521201718e+04,-4.793486973518e+04,1.559355606290e+04,-3.478589395807e-01,9.309484360523e-01,-8.495095389726e-02
1.356492470e+04,1.687577554295e+04,-4.772227775487e+04,1.557414703740e+04,-3.479856140474e-01,9.313066083143e-01,-8.506765656367e-02
1.379223880e+04,1.679665907707e+04,-4.751053782429e+04,1.555479662831e+04,-3.481127307074e-01,9.316661213931e-01,-8.518517172799e-02
1.401858611e+04,1.671785027680e+04,-4.729961691227e+04,1.553550182489e+04,-3.482403085283e-01,9.320270300380e-01,-8.530352186962e-02
1.424395366e+04,1.663935380456e+04,-4.708952749855e+04,1.551626377486e+04,-3.483683391831e-01,9.323893118159e-01,-8.542270429068e-02
1.446832670e+04,1.656117494597e+04,-4.688028373211e+04,1.549708378461e+04,-3.484968130332e-01,9.327529405633e-01,-8.554271499010e-02
1.469178006e+04,1.648328777317e+04,-4.667181621857e+04,1.547795549726e+04,-3.486257719949e-01,9.331180360722e-01,-8.566359828358e-02
1.491424410e+04,1.640571669927e+04,-4.646419030146e+04,1.545888491296e+04,-3.487551749282e-01,9.334844830322e-01,-8.578532080432e-02
1.513575751e+04,1.632844838824e+04,-4.625737028788e+04,1.543986876288e+04,-3.488850430993e-01,9.338523428126e-01,-8.590790768912e-02
1.535634226e+04,1.625147531155e+04,-4.605133602718e+04,1.542090519690e+04,-3.490153885185e-01,9.342216506240e-01,-8.603137560497e-02
1.557594947e+04,1.617481467080e+04,-4.584613356468e+04,1.540199846040e+04,-3.491461811742e-01,9.345923226132e-01,-8.615570139869e-02
1.579461022e+04,1.609845577447e+04,-4.564173428418e+04,1.538314592758e+04,-3.492774382436e-01,9.349644086329e-01,-8.628090664289e-02
1.601234555e+04,1.602239141394e+04,-4.543811889056e+04,1.536434582369e+04,-3.494091713410e-01,9.353379428189e-01,-8.640700783943e-02
1.622911736e+04,1.594663504706e+04,-4.523532341083e+04,1.534560148349e+04,-3.495413562039e-01,9.357128575791e-01,-8.653398715711e-02
1.644497610e+04,1.587116918998e+04,-4.503330104352e+04,1.532690858888e+04,-3.496740224056e-01,9.360892380110e-01,-8.666187846084e-02
1.665988748e+04,1.579600597717e+04,-4.483208427408e+04,1.530827015236e+04,-3.498071477270e-01,9.364670223136e-01,-8.679066586016e-02
1.687387250e+04,1.572113821269e+04,-4.463165384081e+04,1.528968439938e+04,-3.499407438708e-01,9.368462449277e-01,-8.692036618731e-02
1.708697041e+04,1.564655230404e+04,-4.443197335535e+04,1.527114795793e+04,-3.500748344064e-01,9.372269740374e-01,-8.705100805348e-02
1.729910556e+04,1.557227487465e+04,-4.423311409557e+04,1.525266745333e+04,-3.502093704653e-01,9.376090721468e-01,-8.718254948206e-02
1.751034465e+04,1.549828272114e+04,-4.403501394271e+04,1.523423712372e+04,-3.503443929423e-01,9.379926566605e-01,-8.731503608859e-02
1.772065832e+04,1.542458627888e+04,-4.383770083711e+04,1.521585957531e+04,-3.504798818611e-01,9.383776721181e-01,-8.744845404865e-02
1.793008949e+04,1.535117064617e+04,-4.364113488263e+04,1.519753109815e+04,-3.506158637181e-01,9.387641951214e-01,-8.758283530351e-02
1.813861291e+04,1.527804481862e+04,-4.344534016551e+04,1.517925394259e+04,-3.507523210151e-01,9.391521772581e-01,-8.771816849661e-02
1.834625372e+04,1.520520012264e+04,-4.325029346346e+04,1.516102594644e+04,-3.508892690370e-01,9.395416633198e-01,-8.785447475086e-02
1.855297360e+04,1.513265015050e+04,-4.305603117269e+04,1.514285051984e+04,-3.510266811667e-01,9.399325789343e-01,-8.799173351658e-02
1.875880557e+04,1.506038346366e+04,-4.286252266745e+04,1.512472480812e+04,-3.511645778997e-01,9.403249837370e-01,-8.812997121572e-02
1.896374740e+04,1.498840099214e+04,-4.266977043968e+04,1.510664905194e+04,-3.513029564528e-01,9.407188711675e-01,-8.826919114281e-02
1.916779120e+04,1.491670565380e+04,-4.247778230500e+04,1.508862399423e+04,-3.514418100650e-01,9.411142233375e-01,-8.840939256889e-02
1.937097155e+04,1.484528544620e+04,-4.228652612456e+04,1.507064662466e+04,-3.515811609638e-01,9.415111049202e-01,-8.855060413607e-02
1.957328348e+04,1.477414225524e+04,-4.209600694936e+04,1.505271742165e+04,-3.517210046111e-01,9.419095044061e-01,-8.869282758288e-02
1.977472282e+04,1.470327769166e+04,-4.190622909439e+04,1.503483679747e+04,-3.518613368464e-01,9.423094113573e-01,-8.883606501046e-02
1.997528015e+04,1.463269521912e+04,-4.171720183759e+04,1.501700563583e+04,-3.520021496432e-01,9.427108043103e-01,-8.898031453394e-02
2.017497272e+04,1.456238891610e+04,-4.152890932273e+04,1.499922245054e+04,-3.521434536394e-01,9.431137150104e-01,-8.912559341560e-02
2.037381879e+04,1.449235249202e+04,-4.134133470365e+04,1.498148565560e+04,-3.522852605119e-01,9.435181782130e-01,-8.927192019432e-02
2.057181908e+04,1.442258583832e+04,-4.115447769033e+04,1.496379522672e+04,-3.524275695977e-01,9.439241935107e-01,-8.941930082618e-02
2.076895483e+04,1.435309570788e+04,-4.096835637078e+04,1.494615288360e+04,-3.525703660286e-01,9.443317199578e-01,-8.956772651090e-02
2.096525565e+04,1.428387181016e+04,-4.078294318445e+04,1.492855602045e+04,-3.527136698756e-01,9.447408163261e-01,-8.971722478381e-02
2.116069576e+04,1.421492338002e+04,-4.059826286819e+04,1.491100699219e+04,-3.528574609070e-01,9.451514263594e-01,-8.986778125625e-02
2.135526922e+04,1.414625266397e+04,-4.041432144251e+04,1.489350638472e+04,-3.530017329941e-01,9.455635340346e-01,-9.001939612361e-02
2.154902346e+04,1.407784307313e+04,-4.023107447422e+04,1.487604997864e+04,-3.531465198128e-01,9.459772370690e-01,-9.017211159303e-02
2.174196048e+04,1.400969403599e+04,-4.004852043267e+04,1.485863762908e+04,-3.532918217344e-01,9.463925381009e-01,-9.032593511877e-02
2.193403179e+04,1.394182283087e+04,-3.986670560442e+04,1.484127376099e+04,-3.534376006254e-01,9.468093296774e-01,-9.048083322200e-02
2.212528310e+04,1.387421345854e+04,-3.968558713307e+04,1.482395429329e+04,-3.535838894609e-01,9.472277076200e-01,-9.063684784939e-02
2.231569961e+04,1.380687129025e+04,-3.950517940942e+04,1.480668060984e+04,-3.537306754157e-01,9.476476368303e-01,-9.079397239888e-02
2.250532538e+04,1.373978088876e+04,-3.932544107844e+04,1.478944875482e+04,-3.538779911134e-01,9.480692122573e-01,-9.095224903560e-02
2.269412706e+04,1.367295419296e+04,-3.914640412568e+04,1.477226179792e+04,-3.540258093347e-01,9.484923576445e-01,-9.111165584203e-02
2.288210867e+04,1.360638992956e+04,-3.896806514204e+04,1.475511942149e+04,-3.541741315691e-01,9.489170788695e-01,-9.127220164876e-02
2.306924466e+04,1.354009729837e+04,-3.879044877901e+04,1.473802400987e+04,-3.543229357273e-01,9.493433142774e-01,-9.143386969649e-02
2.325560227e+04,1.347405262366e+04,-3.861349160473e+04,1.472096946640e+04,-3.544722736525e-01,9.497712140171e-01,-9.159672369209e-02
2.344113934e+04,1.340827099451e+04,-3.843723404942e+04,1.470395969292e+04,-3.546221100703e-01,9.502006787003e-01,-9.176073270396e-02
2.362591370e+04,1.334273204743e+04,-3.826162155127e+04,1.468698942758e+04,-3.547724902774e-01,9.506318398673e-01,-9.192595396490e-02
2.380984881e+04,1.327746307356e+04,-3.808672723915e+04,1.467006574556e+04,-3.549233503256e-01,9.510645158651e-01,-9.209232480605e-02
2.399301796e+04,1.321243821698e+04,-3.791248183212e+04,1.465318195314e+04,-3.550747485466e-01,9.514988756933e-01,-9.225991716743e-02
2.417539186e+04,1.314766801518e+04,-3.773891356791e+04,1.463634078979e+04,-3.552266592966e-01,9.519348475387e-01,-9.242871053171e-02
2.435696089e+04,1.308315603611e+04,-3.756603201051e+04,1.461954319544e+04,-3.553790726699e-01,9.523724046934e-01,-9.259870159533e-02
2.453775789e+04,1.301889075723e+04,-3.739380628340e+04,1.460278617893e+04,-3.555320144876e-01,9.528116230426e-01,-9.276992701676e-02
2.471777865e+04,1.295487381896e+04,-3.722224078389e+04,1.458607017277e+04,-3.556854796326e-01,9.532524896884e-01,-9.294238911480e-02
2.489701956e+04,1.289110664949e+04,-3.705133934117e+04,1.456939555751e+04,-3.558394633201e-01,9.536949926832e-01,-9.311609055612e-02
2.507546314e+04,1.282759561315e+04,-3.688111901520e+04,1.455276401061e+04,-3.559939485456e-01,9.541390849397e-01,-9.329102012073e-02
2.525314342e+04,1.276432875680e+04,-3.671154777203e+04,1.453617241319e+04,-3.561489628249e-01,9.545848473637e-01,-9.346721705407e-02
2.543007238e+04,1.270130194608e+04,-3.654261453127e+04,1.451961968437e+04,-3.563045150877e-01,9.550323075071e-01,-9.364469989038e-02
2.560625004e+04,1.263851531899e+04,-3.637431966329e+04,1.450310586254e+04,-3.564606038339e-01,9.554814629523e-01,-9.382347541297e-02
2.578166530e+04,1.257597297028e+04,-3.620667414507e+04,1.448663203042e+04,-3.566172175421e-01,9.559322824394e-01,-9.400353889902e-02
2.595630963e+04,1.251367809341e+04,-3.603968653918e+04,1.447019904036e+04,-3.567743466057e-01,9.563847401909e-01,-9.418488769966e-02
2.613020651e+04,1.245162245587e+04,-3.587333477968e+04,1.445380473012e+04,-3.569320102461e-01,9.568388934600e-01,-9.436755252187e-02
2.630334078e+04,1.238981161631e+04,-3.570763376965e+04,1.443745057735e+04,-3.570901927981e-01,9.572946990463e-01,-9.455152382604e-02
2.647574916e+04,1.232823260907e+04,-3.554254875232e+04,1.442113315743e+04,-3.572489260354e-01,9.577522504683e-01,-9.473684734869e-02
2.664739978e+04,1.226689696112e+04,-3.537811063135e+04,1.440485553105e+04,-3.574081788058e-01,9.582114599077e-01,-9.492349557220e-02
2.681830690e+04,1.220579972015e+04,-3.521430613238e+04,1.438861639536e+04,-3.575679622730e-01,9.586723615176e-01,-9.511149036472e-02
2.698848276e+04,1.214493666089e+04,-3.505112392886e+04,1.437241463439e+04,-3.577282859785e-01,9.591349848300e-01,-9.530085194435e-02
2.715792262e+04,1.208430961995e+04,-3.488856894651e+04,1.435625074388e+04,-3.578891435717e-01,9.595993135492e-01,-9.549158189233e-02
2.732664097e+04,1.202391355396e+04,-3.472662766425e+04,1.434012338523e+04,-3.580505469413e-01,9.600653840461e-01,-9.568370349507e-02
2.749462863e+04,1.196375189743e+04,-3.456530929248e+04,1.432403348182e+04,-3.582124853904e-01,9.605331675030e-01,-9.587721328825e-02
2.766189366e+04,1.190382190560e+04,-3.440460647316e+04,1.430798030747e+04,-3.583749646961e-01,9.610026826869e-01,-9.607212748057e-02
2.782845279e+04,1.184411772300e+04,-3.424450350557e+04,1.429196229738e+04,-3.585379993007e-01,9.614739734588e-01,-9.626847291698e-02
2.799426176e+04,1.178465536253e+04,-3.408504333258e+04,1.427598375904e+04,-3.587015436723e-01,9.619469102920e-01,-9.646620413533e-02
2.815936776e+04,1.172541805865e+04,-3.392618099672e+04,1.426004019944e+04,-3.588656420646e-01,9.624216232673e-01,-9.666538407651e-02
2.832376116e+04,1.166640939960e+04,-3.376792612202e+04,1.424413258930e+04,-3.590302829948e-01,9.628980813436e-01,-9.686600854661e-02
2.848745255e+04,1.160762572810e+04,-3.361026890143e+04,1.422825994880e+04,-3.591954750532e-01,9.633763115704e-01,-9.706809781285e-02
2.865043805e+04,1.154906858703e+04,-3.345321347430e+04,1.421242270052e+04,-3.593612122795e-01,9.638562989031e-01,-9.727165447863e-02
2.881271802e+04,1.149073798309e+04,-3.329675986038e+04,1.419662085451e+04,-3.595274929080e-01,9.643380404443e-01,-9.747668629234e-02
2.897429379e+04,1.143263359244e+04,-3.314090719319e+04,1.418085433232e+04,-3.596943160486e-01,9.648215358434e-01,-9.768320213165e-02
2.913517936e+04,1.137475052097e+04,-3.298564234690e+04,1.416512181303e+04,-3.598616940229e-01,9.653068230774e-01,-9.789122738859e-02
2.929537065e+04,1.131709037889e+04,-3.283096964205e+04,1.414942374040e+04,-3.600296204702e-01,9.657938859972e-01,-9.810076442082e-02
2.945485248e+04,1.125965878015e+04,-3.267690414081e+04,1.413376165517e+04,-3.601980770340e-01,9.662826736309e-01,-9.831180048376e-02
2.961364256e+04,1.120244949681e+04,-3.252342913908e+04,1.411813387217e+04,-3.603670799150e-01,9.667732352702e-01,-9.852436609824e-02
2.977175820e+04,1.114545643727e+04,-3.237052829633e+04,1.410253873340e+04,-3.605366453499e-01,9.672656204027e-01,-9.873849223763e-02
2.992920539e+04,1.108867757996e+04,-3.221819618944e+04,1.408697568735e+04,-3.607067777754e-01,9.677598443235e-01,-9.895419529782e-02
3.008595783e+04,1.103212255166e+04,-3.206645864798e+04,1.407144738093e+04,-3.608774464486e-01,9.682558201125e-01,-9.917144698132e-02
3.024203900e+04,1.097578303017e+04,-3.191529334575e+04,1.405595153956e+04,-3.610486744663e-01,9.687536172833e-01,-9.939028739727e-02
3.039744972e+04,1.091965886400e+04,-3.176469987755e+04,1.404048812730e+04,-3.612204604649e-01,9.692532343208e-01,-9.961072576539e-02
3.055217008e+04,1.086375739235e+04,-3.161469793883e+04,1.402505917846e+04,-3.613927798429e-01,9.697546020992e-01,-9.983274136705e-02
3.070624094e+04,1.080806399407e+04,-3.146524829809e+04,1.400966066584e+04,-3.615656756908e-01,9.702578484679e-01,-1.000564008037e-01
3.085964005e+04,1.075258685280e+04,-3.131637291670e+04,1.399429485701e+04,-3.617391207538e-01,9.707628966210e-01,-1.002816801169e-01
3.101237665e+04,1.069732277933e+04,-3.116806323845e+04,1.397896087848e+04,-3.619131229088e-01,9.712697720064e-01,-1.005086007771e-01
3.116445132e+04,1.064227170268e+04,-3.102031907485e+04,1.396365871936e+04,-3.620876803120e-01,9.717784717953e-01,-1.007371717593e-01
3.131588469e+04,1.058742630197e+04,-3.087312077940e+04,1.394838634931e+04,-3.622628142758e-01,9.722890606957e-01,-1.009674326015e-01
3.146665603e+04,1.053279422504e+04,-3.072648887929e+04,1.393314590410e+04,-3.624384983863e-01,9.728014643108e-01,-1.011993602614e-01
3.161677492e+04,1.047837214680e+04,-3.058041445246e+04,1.391793646689e+04,-3.626147411156e-01,9.733157099512e-01,-1.014329775629e-01
3.176626790e+04,1.042415058943e+04,-3.043487205996e+04,1.390275539118e+04,-3.627915712905e-01,9.738318844190e-01,-1.016683347580e-01
3.191509065e+04,1.037014576815e+04,-3.028990522896e+04,1.388760722578e+04,-3.629689338492e-01,9.743498296513e-01,-1.019053704879e-01
3.206329122e+04,1.031634039534e+04,-3.014546755577e+04,1.387248713084e+04,-3.631468833429e-01,9.748697076385e-01,-1.021441696819e-01
3.221083778e+04,1.026274616923e+04,-3.000159044515e+04,1.385739840008e+04,-3.633253789656e-01,9.753914019012e-01,-1.023846898207e-01
3.235775232e+04,1.020935525356e+04,-2.985825286250e+04,1.384233883799e+04,-3.635044444819e-01,9.759149846232e-01,-1.026269751294e-01
3.250403259e+04,1.015616860271e+04,-2.971545737152e+04,1.382730872042e+04,-3.636840745127e-01,9.764404428602e-01,-1.028710307907e-01
3.264968020e+04,1.010318577975e+04,-2.957320280104e+04,1.381230793228e+04,-3.638642682526e-01,9.769677770531e-01,-1.031168682266e-01
3.279470607e+04,1.005040295552e+04,-2.943147887149e+04,1.379733539580e+04,-3.640450365102e-01,9.774970216724e-01,-1.033645148922e-01
3.293911071e+04,9.997820086738e+03,-2.929028546765e+04,1.378239110326e+04,-3.642263772730e-01,9.780281737070e-01,-1.036139809249e-01
3.308288659e+04,9.945440058571e+03,-2.914963033851e+04,1.376747588284e+04,-3.644082782430e-01,9.785612000142e-01,-1.038652622903e-01
3.322605905e+04,9.893253780671e+03,-2.900948907492e+04,1.375258715055e+04,-3.645907687793e-01,9.790961895624e-01,-1.041184126899e-01
3.336859985e+04,9.841271692320e+03,-2.886988971214e+04,1.373772789168e+04,-3.647738100319e-01,9.796330314030e-01,-1.043733914075e-01
3.351052486e+04,9.789488151273e+03,-2.873081710051e+04,1.372289650572e+04,-3.649574192617e-01,9.801717790878e-01,-1.046302355910e-01
3.365184766e+04,9.737898347344e+03,-2.859225832266e+04,1.370809161997e+04,-3.651416112129e-01,9.807124788958e-01,-1.048889793666e-01
3.379256268e+04,9.686504456849e+03,-2.845421922461e+04,1.369331386310e+04,-3.653263758144e-01,9.812551043161e-01,-1.051496222493e-01
3.393265707e+04,9.635311313065e+03,-2.831671279065e+04,1.367856463635e+04,-3.655116930407e-01,9.817995995564e-01,-1.054121495050e-01
3.407215008e+04,9.584312040882e+03,-2.817972055652e+04,1.366384197012e+04,-3.656975851163e-01,9.823460329672e-01,-1.056766062730e-01
3.421104860e+04,9.533504251183e+03,-2.804323610568e+04,1.364914517929e+04,-3.658840583445e-01,9.828944262135e-01,-1.059430155567e-01
3.434935143e+04,9.482888531823e+03,-2.790726101827e+04,1.363447443833e+04,-3.660711081429e-01,9.834447689864e-01,-1.062113849872e-01
3.448706350e+04,9.432463218624e+03,-2.777179082469e+04,1.361982926969e+04,-3.662587381888e-01,9.839970753003e-01,-1.064817341392e-01
3.462418138e+04,9.382229709051e+03,-2.763682928063e+04,1.360521008523e+04,-3.664469407303e-01,9.845513255524e-01,-1.067540662343e-01
3.476069916e+04,9.332190315964e+03,-2.750238260241e+04,1.359061756875e+04,-3.666357043165e-01,9.851074892246e-01,-1.070283790469e-01
3.489664022e+04,9.282336615941e+03,-2.736842815932e+04,1.357604927047e+04,-3.668250580820e-01,9.856656554292e-01,-1.073047295562e-01
3.503199206e+04,9.232673333564e+03,-2.723497864715e+04,1.356150657576e+04,-3.670149814930e-01,9.862257669569e-01,-1.075831026502e-01
3.516676626e+04,9.183196360038e+03,-2.710202302672e+04,1.354698828818e+04,-3.672054875586e-01,9.867878655075e-01,-1.078635323186e-01
3.530095925e+04,9.133907154396e+03,-2.696956522002e+04,1.353249484154e+04,-3.673965679687e-01,9.873519299367e-01,-1.081460214342e-01
3.543457868e+04,9.084803044974e+03,-2.683759804870e+04,1.351802545627e+04,-3.675882303444e-01,9.879179861463e-01,-1.084305965031e-01
3.556763234e+04,9.035881308480e+03,-2.670611419445e+04,1.350357933228e+04,-3.677804827007e-01,9.884860612792e-01,-1.087172849594e-01
3.570009477e+04,8.987151459805e+03,-2.657513923211e+04,1.348915928943e+04,-3.679732846667e-01,9.890560394782e-01,-1.090060419662e-01
3.583199510e+04,8.938602922110e+03,-2.644464473588e+04,1.347476220849e+04,-3.681666750586e-01,9.896280389571e-01,-1.092969411527e-01
3.596332182e+04,8.890240079422e+03,-2.631464249106e+04,1.346038939584e+04,-3.683606335349e-01,9.902020030862e-01,-1.095899677435e-01
3.609408822e+04,8.842058182416e+03,-2.618511973285e+04,1.344603944740e+04,-3.685551761847e-01,9.907779830366e-01,-1.098851619766e-01
3.622429505e+04,8.794057093874e+03,-2.605607609327e+04,1.343171232643e+04,-3.687503007084e-01,9.913559756231e-01,-1.101825365828e-01
3.635394284e+04,8.746236760300e+03,-2.592751142972e+04,1.341740802232e+04,-3.689460043820e-01,9.919359764252e-01,-1.104821037369e-01
3.648303144e+04,8.698597385301e+03,-2.579942629116e+04,1.340312660297e+04,-3.691422833286e-01,9.925179776207e-01,-1.107838739209e-01
3.661156360e+04,8.651138094181e+03,-2.567181832757e+04,1.338886781393e+04,-3.693391380389e-01,9.931019843602e-01,-1.110878644301e-01
3.673954745e+04,8.603856029281e+03,-2.554467985657e+04,1.337463080221e+04,-3.695365773108e-01,9.936880264976e-01,-1.113941056478e-01
3.686697895e+04,8.556752826030e+03,-2.541801527701e+04,1.336041606607e+04,-3.697345912134e-01,9.942760783425e-01,-1.117025991192e-01
3.699386172e+04,8.509827293802e+03,-2.529182138894e+04,1.334622325394e+04,-3.699331815329e-01,9.948661490049e-01,-1.120133646582e-01
3.712019784e+04,8.463078806332e+03,-2.516609650983e+04,1.333205218382e+04,-3.701323476783e-01,9.954582405741e-01,-1.123264185506e-01
3.724599790e+04,8.416503583783e+03,-2.504083047521e+04,1.331790171430e+04,-3.703321025999e-01,9.960523954619e-01,-1.126417986633e-01
3.737126114e+04,8.370102051744e+03,-2.491602443025e+04,1.330377197706e+04,-3.705324413638e-01,9.966486029633e-01,-1.129595149763e-01
3.749598439e+04,8.323875527200e+03,-2.479168191852e+04,1.328966337882e+04,-3.707333550009e-01,9.972468403632e-01,-1.132795710654e-01
3.762017358e+04,8.277821957466e+03,-2.466779742001e+04,1.327557529948e+04,-3.709348490809e-01,9.978471282546e-01,-1.136019937450e-01
3.774382748e+04,8.231941938622e+03,-2.454437253962e+04,1.326150792775e+04,-3.711369176056e-01,9.984494528157e-01,-1.139267915347e-01
3.786694891e+04,8.186234571427e+03,-2.442140485992e+04,1.324746099549e+04,-3.713395610563e-01,9.990538195568e-01,-1.142539834492e-01
3.798954352e+04,8.140697899962e+03,-2.429888912022e+04,1.323343390765e+04,-3.715427846478e-01,9.996602481616e-01,-1.145835963973e-01
3.811161847e+04,8.095329404997e+03,-2.417681854317e+04,1.321942589095e+04,-3.717465962612e-01,1.000268766353e+00,-1.149156619833e-01
3.823316439e+04,8.050132720207e+03,-2.405520290693e+04,1.320543807278e+04,-3.719509760585e-01,1.000879319120e+00,-1.152501667680e-01
3.835419000e+04,8.005104735267e+03,-2.393403384389e+04,1.319146949806e+04,-3.721559344632e-01,1.001491941840e+00,-1.155871467835e-01
3.847469455e+04,7.960245884727e+03,-2.381331252479e+04,1.317752030776e+04,-3.723614658707e-01,1.002106622056e+00,-1.159266120371e-01
3.859468638e+04,7.915553200641e+03,-2.369303096356e+04,1.316358958385e+04,-3.725675802615e-01,1.002723393966e+00,-1.162685984850e-01
3.871416562e+04,7.871026775759e+03,-2.357318941054e+04,1.314967735844e+04,-3.727742736148e-01,1.003342249950e+00,-1.166131191992e-01
3.883313701e+04,7.826664986275e+03,-2.345378349597e+04,1.313578312715e+04,-3.729815498396e-01,1.003963206170e+00,-1.169602006454e-01
3.895159466e+04,7.782470172942e+03,-2.333481952150e+04,1.312190762841e+04,-3.731893942314e-01,1.004586223050e+00,-1.173098382363e-01
3.906954462e+04,7.738440220614e+03,-2.321629179516e+04,1.310805020530e+04,-3.733978128524e-01,1.005211323264e+00,-1.176620623173e-01
3.918699386e+04,7.694572670875e+03,-2.309819369970e+04,1.309421008751e+04,-3.736068135571e-01,1.005838534955e+00,-1.180169066876e-01
3.930393576e+04,7.650870142437e+03,-2.298053228625e+04,1.308038810640e+04,-3.738163799711e-01,1.006467813596e+00,-1.183743641902e-01
3.942038141e+04,7.607328629988e+03,-2.286329677235e+04,1.306658300032e+04,-3.740265273590e-01,1.007099209682e+00,-1.187344817150e-01
3.953632083e+04,7.563952013026e+03,-2.274649760501e+04,1.305279600583e+04,-3.742372329505e-01,1.007732659488e+00,-1.190972412299e-01
3.965176798e+04,7.520735207630e+03,-2.263012109638e+04,1.303902551373e+04,-3.744485173415e-01,1.008368229666e+00,-1.194626993835e-01
3.976671861e+04,7.477679952611e+03,-2.251417192978e+04,1.302527208239e+04,-3.746603679775e-01,1.009005887260e+00,-1.198308559785e-01
3.988118375e+04,7.434782257963e+03,-2.239863936071e+04,1.301153444042e+04,-3.748728004337e-01,1.009645684018e+00,-1.202017598730e-01
3.999515313e+04,7.392046114645e+03,-2.228353413873e+04,1.299781387065e+04,-3.750857907773e-01,1.010287552759e+00,-1.205753912091e-01
4.010863997e+04,7.349466708280e+03,-2.216884329801e+04,1.298410883273e+04,-3.752993587608e-01,1.010931557953e+00,-1.209518067564e-01
4.022164574e+04,7.307043627324e+03,-2.205456573015e+04,1.297041919468e+04,-3.755135023442e-01,1.011577698493e+00,-1.213310255067e-01
4.033416875e+04,7.264777654085e+03,-2.194070354305e+04,1.295674521145e+04,-3.757282133445e-01,1.012225954765e+00,-1.217130556805e-01
4.044621218e+04,7.222667730362e+03,-2.182725388680e+04,1.294308654443e+04,-3.759434928028e-01,1.012876335022e+00,-1.220979220067e-01
4.055777685e+04,7.180713690550e+03,-2.171421631611e+04,1.292944314370e+04,-3.761593371766e-01,1.013528833724e+00,-1.224856412547e-01
4.066886904e+04,7.138913319163e+03,-2.160158486227e+04,1.291581429115e+04,-3.763757534757e-01,1.014183477292e+00,-1.228762494269e-01
4.077948897e+04,7.097266672602e+03,-2.148935967752e+04,1.290220000639e+04,-3.765927370107e-01,1.014840256838e+00,-1.232697617664e-01
4.088962514e+04,7.055778225020e+03,-2.137755282029e+04,1.288860176067e+04,-3.768102597337e-01,1.015499092728e+00,-1.236661509577e-01
4.099929598e+04,7.014441182025e+03,-2.126614598208e+04,1.287501733437e+04,-3.770283525272e-01,1.016160083829e+00,-1.240654971382e-01
4.110850190e+04,6.973255527409e+03,-2.115513911921e+04,1.286144672225e+04,-3.772470109560e-01,1.016823222169e+00,-1.244678166728e-01
4.121723969e+04,6.932222618281e+03,-2.104453589026e+04,1.284789037494e+04,-3.774662231095e-01,1.017488477115e+00,-1.248731122009e-01
4.132551291e+04,6.891341250545e+03,-2.093433305077e+04,1.283434789992e+04,-3.776859905888e-01,1.018155859043e+00,-1.252814113846e-01
4.143332409e+04,6.850610614829e+03,-2.082452841992e+04,1.282081903333e+04,-3.779063128940e-01,1.018825372023e+00,-1.256927383031e-01
4.154068026e+04,6.810028196894e+03,-2.071511521995e+04,1.280730294151e+04,-3.781271988217e-01,1.019497048465e+00,-1.261071347964e-01
4.164757839e+04,6.769595283647e+03,-2.060609692077e+04,1.279380005448e+04,-3.783486365055e-01,1.020170858023e+00,-1.265246042793e-01
4.175401970e+04,6.729311557764e+03,-2.049747266777e+04,1.278031027063e+04,-3.785706226510e-01,1.020846796429e+00,-1.269451663148e-01
4.186000928e+04,6.689175236601e+03,-2.038923765478e+04,1.276683299617e+04,-3.787931620340e-01,1.021524884060e+00,-1.273688560551e-01
4.196554743e+04,6.649186347251e+03,-2.028139195541e+04,1.275336824259e+04,-3.790162494235e-01,1.022205110877e+00,-1.277956899542e-01
4.207063352e+04,6.609345276015e+03,-2.017393661250e+04,1.273991614459e+04,-3.792398774390e-01,1.022887460310e+00,-1.282256804456e-01
4.217527130e+04,6.569650741496e+03,-2.006686817113e+04,1.272647627459e+04,-3.794640479693e-01,1.023571944109e+00,-1.286588579607e-01
4.227947221e+04,6.530098547389e+03,-1.996017531234e+04,1.271304721081e+04,-3.796887795669e-01,1.024258625051e+00,-1.290952857743e-01
4.238322766e+04,6.490692092081e+03,-1.985386720326e+04,1.269963010662e+04,-3.799140476934e-01,1.024947434339e+00,-1.295349439083e-01
4.248654015e+04,6.451430576186e+03,-1.974794168843e+04,1.268622469473e+04,-3.801398514286e-01,1.025638375338e+00,-1.299778582132e-01
4.258941787e+04,6.412311024939e+03,-1.964239074236e+04,1.267282996060e+04,-3.803662024611e-01,1.026331490104e+00,-1.304240797671e-01
4.269185504e+04,6.373335779840e+03,-1.953722068322e+04,1.265944670789e+04,-3.805930817285e-01,1.027026726609e+00,-1.308735993843e-01
4.279386177e+04,6.334501136838e+03,-1.943242151644e+04,1.264607366630e+04,-3.808205052220e-01,1.027724140269e+00,-1.313264774547e-01
4.289543271e+04,6.295809276309e+03,-1.932799912621e+04,1.263271158772e+04,-3.810484545534e-01,1.028423681182e+00,-1.317827063952e-01
4.299657024e+04,6.257259433999e+03,-1.922395145103e+04,1.261936021308e+04,-3.812769284018e-01,1.029125351798e+00,-1.322423126655e-01
4.309728210e+04,6.218848807527e+03,-1.912027092744e+04,1.260601857305e+04,-3.815059376110e-01,1.029829192038e+00,-1.327053477027e-01
4.319756568e+04,6.180578531062e+03,-1.901696061696e+04,1.259268706203e+04,-3.817354696115e-01,1.030535169968e+00,-1.331718160712e-01
4.329742187e+04,6.142448408167e+03,-1.891401999010e+04,1.257936561515e+04,-3.819655195926e-01,1.031243277517e+00,-1.336417380898e-01
4.339685790e+04,6.104455819982e+03,-1.881144197692e+04,1.256605331848e+04,-3.821960973836e-01,1.031953551769e+00,-1.341151644047e-01
4.349587266e+04,6.066601337329e+03,-1.870922811850e+04,1.255275037162e+04,-3.824271935261e-01,1.032665970509e+00,-1.345921065698e-01
4.359446623e+04,6.028885070660e+03,-1.860737871360e+04,1.253945681571e+04,-3.826588011812e-01,1.033380519609e+00,-1.350725815930e-01
4.369264292e+04,5.991305512461e+03,-1.850588969174e+04,1.252617212132e+04,-3.828909233824e-01,1.034097215458e+00,-1.355566272409e-01
4.379040463e+04,5.953862084039e+03,-1.840475949017e+04,1.251289608426e+04,-3.831235574576e-01,1.034816056934e+00,-1.360442698409e-01
4.388775180e+04,5.916554753518e+03,-1.830398802305e+04,1.249962869435e+04,-3.833566972554e-01,1.035537032221e+00,-1.365355286812e-01
4.398468833e+04,5.879382172331e+03,-1.820357164789e+04,1.248636947269e+04,-3.835903447920e-01,1.036260154824e+00,-1.370304405591e-01
4.408121338e+04,5.842344804921e+03,-1.810351161953e+04,1.247311858597e+04,-3.838244906475e-01,1.036985402934e+00,-1.375290183881e-01
4.417733049e+04,5.805441439740e+03,-1.800380466523e+04,1.245987560230e+04,-3.840591358828e-01,1.037712787249e+00,-1.380312976026e-01
4.427304095e+04,5.768671724320e+03,-1.790444983284e+04,1.244664039597e+04,-3.842942760869e-01,1.038442301596e+00,-1.385373023346e-01
4.436834858e+04,5.732034330775e+03,-1.780544353426e+04,1.243341248880e+04,-3.845299130523e-01,1.039173959133e+00,-1.390470704340e-01
4.446325511e+04,5.695528735192e+03,-1.770678435336e+04,1.242019169013e+04,-3.847660434100e-01,1.039907757092e+00,-1.395606290516e-01
4.455776060e+04,5.659155062207e+03,-1.760847262689e+04,1.240697804467e+04,-3.850026594964e-01,1.040643679418e+00,-1.400779962477e-01
4.465186746e+04,5.622912526837e+03,-1.751050623323e+04,1.239377126748e+04,-3.852397594547e-01,1.041381728167e+00,-1.405992030119e-01
4.474557763e+04,5.586800522928e+03,-1.741288353382e+04,1.238057113736e+04,-3.854773402208e-01,1.042121901723e+00,-1.411242780675e-01
4.483889096e+04,5.550819253200e+03,-1.731560507685e+04,1.236737772920e+04,-3.857153933104e-01,1.042864181643e+00,-1.416532384192e-01
4.493181203e+04,5.514967098937e+03,-1.721866648603e+04,1.235419044960e+04,-3.859539222159e-01,1.043608586900e+00,-1.421861280069e-01
4.502434211e+04,5.479243704029e+03,-1.712206679816e+04,1.234100916611e+04,-3.861929220543e-01,1.044355110449e+00,-1.427229725959e-01
4.511648061e+04,5.443649448165e+03,-1.702580704004e+04,1.232783401921e+04,-3.864323828852e-01,1.045103729494e+00,-1.432637867928e-01
4.520823277e+04,5.408182444597e+03,-1.692988210912e+04,1.231466431009e+04,-3.866723099391e-01,1.045854468739e+00,-1.438086197963e-01
4.529959933e+04,5.372842556112e+03,-1.683429163381e+04,1.230149998557e+04,-3.869126966464e-01,1.046607316100e+00,-1.443574945984e-01
4.539058023e+04,5.337629946845e+03,-1.673903605798e+04,1.228834110645e+04,-3.871535342432e-01,1.047362252658e+00,-1.449104293685e-01
4.548117867e+04,5.302543519986e+03,-1.664411241456e+04,1.227518726266e+04,-3.873948224861e-01,1.048119286270e+00,-1.454674621251e-01
4.557139611e+04,5.267582860006e+03,-1.654951957911e+04,1.226203829733e+04,-3.876365564222e-01,1.048878410124e+00,-1.460286204880e-01
4.566123286e+04,5.232747981862e+03,-1.645525759212e+04,1.224889421611e+04,-3.878787280091e-01,1.049639607763e+00,-1.465939251769e-01
4.575069361e+04,5.198037219237e+03,-1.636132194433e+04,1.223575438912e+04,-3.881213408328e-01,1.050402899374e+00,-1.471634244619e-01
4.583977794e+04,5.163450875806e+03,-1.626771345715e+04,1.222261892949e+04,-3.883643846963e-01,1.051168261897e+00,-1.477371347835e-01
4.592848723e+04,5.128988556914e+03,-1.617443106242e+04,1.220948768721e+04,-3.886078541502e-01,1.051935687262e+00,-1.483150839622e-01
4.601682427e+04,5.094649328777e+03,-1.608147223241e+04,1.219636030574e+04,-3.888517474889e-01,1.052705179291e+00,-1.488973091174e-01
4.610479062e+04,5.060432725889e+03,-1.598883570661e+04,1.218323660561e+04,-3.890960596399e-01,1.053476731290e+00,-1.494838398096e-01
4.619238822e+04,5.026338134231e+03,-1.589651982229e+04,1.217011634963e+04,-3.893407865131e-01,1.054250339756e+00,-1.500747083535e-01
4.627961892e+04,4.992364986092e+03,-1.580452304182e+04,1.215699931725e+04,-3.895859236193e-01,1.055026000021e+00,-1.506699465293e-01
4.636648243e+04,4.958513529753e+03,-1.571284603736e+04,1.214388560352e+04,-3.898314604626e-01,1.055803688477e+00,-1.512695718324e-01
4.645298258e+04,4.924782423245e+03,-1.562148517432e+04,1.213077468755e+04,-3.900773979755e-01,1.056583417789e+00,-1.518736300055e-01
4.653911949e+04,4.891171761776e+03,-1.553044071023e+04,1.211766660477e+04,-3.903237265735e-01,1.057365167397e+00,-1.524821414857e-01
4.662489555e+04,4.857680760295e+03,-1.543971051832e+04,1.210456104801e+04,-3.905704429984e-01,1.058148936882e+00,-1.530951426366e-01
4.671031322e+04,4.824308601667e+03,-1.534929238439e+04,1.209145769521e+04,-3.908175441870e-01,1.058934726568e+00,-1.537126708449e-01
4.679537469e+04,4.791054570535e+03,-1.525918436949e+04,1.207835626207e+04,-3.910650262781e-01,1.059722534360e+00,-1.543347620435e-01
4.688007963e+04,4.757918943234e+03,-1.516938722185e+04,1.206525685503e+04,-3.913128779188e-01,1.060512334396e+00,-1.549614336912e-01
4.696442763e+04,4.724902026488e+03,-1.507990177286e+04,1.205215959606e+04,-3.915610873211e-01,1.061304099445e+00,-1.555927022273e-01
4.704842313e+04,4.692002229480e+03,-1.499072371095e+04,1.203906385415e+04,-3.918096568587e-01,1.062097847535e+00,-1.562286204912e-01
4.713206984e+04,4.659218239444e+03,-1.490184947685e+04,1.202596910278e+04,-3.920585868626e-01,1.062893590370e+00,-1.568692369808e-01
4.721536586e+04,4.626550944358e+03,-1.481328147713e+04,1.201287569372e+04,-3.923078608603e-01,1.063691286038e+00,-1.575145573901e-01
4.729831515e+04,4.593998942352e+03,-1.472501591057e+04,1.199978306303e+04,-3.925574796806e-01,1.064490948036e+00,-1.581646324072e-01
4.738091789e+04,4.561562307611e+03,-1.463705297768e+04,1.198669123768e+04,-3.928074327922e-01,1.065292553607e+00,-1.588194837537e-01
4.746317375e+04,4.529241309536e+03,-1.454939340899e+04,1.197360032622e+04,-3.930577079686e-01,1.066096074593e+00,-1.594791288541e-01
4.754508605e+04,4.497034795159e+03,-1.446203407745e+04,1.196050986160e+04,-3.933083038664e-01,1.066901517848e+00,-1.601436141609e-01
4.762665936e+04,4.464941110979e+03,-1.437497049709e+04,1.194741916767e+04,-3.935592230672e-01,1.067708903044e+00,-1.608129974166e-01
4.770789128e+04,4.432961344976e+03,-1.428820561861e+04,1.193432868486e+04,-3.938104466400e-01,1.068518180748e+00,-1.614872795142e-01
4.778878506e+04,4.401094364781e+03,-1.420173636945e+04,1.192123794820e+04,-3.940619728853e-01,1.069329357060e+00,-1.621665076927e-01
4.786934181e+04,4.369339878120e+03,-1.411556195595e+04,1.190814683507e+04,-3.943137934212e-01,1.070142416672e+00,-1.628507117915e-01
4.794956188e+04,4.337697894819e+03,-1.402968240454e+04,1.189505534833e+04,-3.945658973221e-01,1.070957336136e+00,-1.635399150587e-01
4.802944766e+04,4.306167616531e+03,-1.394409554820e+04,1.188196315679e+04,-3.948182799696e-01,1.071774112476e+00,-1.642341583668e-01
4.810900061e+04,4.274748616793e+03,-1.385880022897e+04,1.186887008178e+04,-3.950709336904e-01,1.072592732959e+00,-1.649334747663e-01
4.818822119e+04,4.243440861612e+03,-1.377379635446e+04,1.185577610855e+04,-3.953238475193e-01,1.073413174273e+00,-1.656378885768e-01
4.826711431e+04,4.212242551406e+03,-1.368907903798e+04,1.184268048174e+04,-3.955770246789e-01,1.074235459266e+00,-1.663474642537e-01
4.834567953e+04,4.181154008679e+03,-1.360464915439e+04,1.182958333269e+04,-3.958304511397e-01,1.075059554936e+00,-1.670622187036e-01
4.842391683e+04,4.150175387592e+03,-1.352050712215e+04,1.181648472545e+04,-3.960841140266e-01,1.075885432054e+00,-1.677821721772e-01
4.850182881e+04,4.119305809078e+03,-1.343665055350e+04,1.180338428783e+04,-3.963380087787e-01,1.076713088541e+00,-1.685073688912e-01
4.857941727e+04,4.088544700302e+03,-1.335307789192e+04,1.179028177492e+04,-3.965921282469e-01,1.077542514036e+00,-1.692378463550e-01
4.865668332e+04,4.057891778224e+03,-1.326978836807e+04,1.177717706444e+04,-3.968464627730e-01,1.078373690103e+00,-1.699736353829e-01
4.873362840e+04,4.027346608109e+03,-1.318678080039e+04,1.176406996920e+04,-3.971010038241e-01,1.079206602084e+00,-1.707147704896e-01
4.881025281e+04,3.996909228007e+03,-1.310405529224e+04,1.175096050535e+04,-3.973557387807e-01,1.080041222035e+00,-1.714612746873e-01
4.888656178e+04,3.966577702718e+03,-1.302160658338e+04,1.173784783677e+04,-3.976106714540e-01,1.080877576002e+00,-1.722132198225e-01
4.896255239e+04,3.936353337039e+03,-1.293943822012e+04,1.172473252551e+04,-3.978657783411e-01,1.081715600577e+00,-1.729705978775e-01
4.903822726e+04,3.906235245543e+03,-1.285754779558e+04,1.171161418849e+04,-3.981210541707e-01,1.082555292224e+00,-1.737334548900e-01
4.911358725e+04,3.876223231722e+03,-1.277593477560e+04,1.169849274074e+04,-3.983764877345e-01,1.083396628029e+00,-1.745018198042e-01
4.918863487e+04,3.846316439138e+03,-1.269459683126e+04,1.168536780801e+04,-3.986320733165e-01,1.084239603283e+00,-1.752757386195e-01
4.926337191e+04,3.816514312136e+03,-1.261353245109e+04,1.167223914531e+04,-3.988878025459e-01,1.085084204689e+00,-1.760552500451e-01
4.933779878e+04,3.786816826202e+03,-1.253274156832e+04,1.165910674140e+04,-3.991436623549e-01,1.085930403547e+00,-1.768403789627e-01
4.941191715e+04,3.757223469070e+03,-1.245222278942e+04,1.164597037013e+04,-3.993996437170e-01,1.086778184610e+00,-1.776311630443e-01
4.948572954e+04,3.727733380940e+03,-1.237197377483e+04,1.163282964894e+04,-3.996557405098e-01,1.087627542406e+00,-1.784276496359e-01
4.955923740e+04,3.698346136469e+03,-1.229199336663e+04,1.161968438628e+04,-3.999119427419e-01,1.088478458799e+00,-1.792298748046e-01
4.963243938e+04,3.669062417422e+03,-1.221228342050e+04,1.160653488795e+04,-4.001682305795e-01,1.089330883020e+00,-1.800378440534e-01
4.970533905e+04,3.639880947165e+03,-1.213284046181e+04,1.159338058222e+04,-4.004246011430e-01,1.090184820757e+00,-1.808516166191e-01
4.977793503e+04,3.610802429786e+03,-1.205366640786e+04,1.158022178876e+04,-4.006810340306e-01,1.091040219474e+00,-1.816711967605e-01
4.985023264e+04,3.581824881482e+03,-1.197475585747e+04,1.156705761101e+04,-4.009375323905e-01,1.091897105300e+00,-1.824966644837e-01
4.992223115e+04,3.552948748579e+03,-1.189611002591e+04,1.155388825105e+04,-4.011940778076e-01,1.092755432570e+00,-1.833280314818e-01
4.999393139e+04,3.524173843409e+03,-1.181772840256e+04,1.154071362560e+04,-4.014506572770e-01,1.093615173737e+00,-1.841653270634e-01
5.006533368e+04,3.495500192978e+03,-1.173961106192e+04,1.152753375114e+04,-4.017072556984e-01,1.094476294308e+00,-1.850085740232e-01
5.013644061e+04,3.466926908614e+03,-1.166175558385e+04,1.151434822333e+04,-4.019638660115e-01,1.095338786878e+00,-1.858578220704e-01
5.020725574e+04,3.438452704659e+03,-1.158415846534e+04,1.150115644940e+04,-4.022204846566e-01,1.096202656058e+00,-1.867131336071e-01
5.027777864e+04,3.410077905620e+03,-1.150682059076e+04,1.148795857984e+04,-4.024770934512e-01,1.097067857417e+00,-1.875745231230e-01
5.034800766e+04,3.381803329545e+03,-1.142974419104e+04,1.147475500078e+04,-4.027336694884e-01,1.097934330551e+00,-1.884419890521e-01
5.041794767e+04,3.353627170548e+03,-1.135292434450e+04,1.146154487415e+04,-4.029902134953e-01,1.098802094954e+00,-1.893156101117e-01
5.048759720e+04,3.325550164480e+03,-1.127636305841e+04,1.144832854959e+04,-4.032467029629e-01,1.099671091745e+00,-1.901953868781e-01
5.055696273e+04,3.297569855578e+03,-1.120005363679e+04,1.143510487323e+04,-4.035031443950e-01,1.100541360483e+00,-1.910814201028e-01
5.062604245e+04,3.269687122102e+03,-1.112399847487e+04,1.142187426013e+04,-4.037595136827e-01,1.101412837145e+00,-1.919737061174e-01
5.069483591e+04,3.241902297557e+03,-1.104819848366e+04,1.140863687436e+04,-4.040157914462e-01,1.102285473696e+00,-1.928722573302e-01
5.076334212e+04,3.214215935992e+03,-1.097265517706e+04,1.139539299066e+04,-4.042719560247e-01,1.103159214295e+00,-1.937770779765e-01
5.083156707e+04,3.186625774693e+03,-1.089736238303e+04,1.138214153496e+04,-4.045280116782e-01,1.104034091669e+00,-1.946882645469e-01
5.089951404e+04,3.159130629333e+03,-1.082231686971e+04,1.136888193910e+04,-4.047839526682e-01,1.104910104840e+00,-1.956058800000e-01
5.096718201e+04,3.131731071522e+03,-1.074752019755e+04,1.135561447998e+04,-4.050397567671e-01,1.105787196566e+00,-1.965299289485e-01
5.103456876e+04,3.104428150858e+03,-1.067297523368e+04,1.134233967430e+04,-4.052953970009e-01,1.106665293212e+00,-1.974603983359e-01
5.110167732e+04,3.077220794924e+03,-1.059867905252e+04,1.132905701152e+04,-4.055508660366e-01,1.107544388601e+00,-1.983973465492e-01
5.116850750e+04,3.050109229999e+03,-1.052463227441e+04,1.131576661298e+04,-4.058061442102e-01,1.108424434301e+00,-1.993407875605e-01
5.123506123e+04,3.023092837567e+03,-1.045083321278e+04,1.130246818769e+04,-4.060612196217e-01,1.109305408713e+00,-2.002907643340e-01
5.130134357e+04,2.996169706127e+03,-1.037727664770e+04,1.128916080181e+04,-4.063160924916e-01,1.110187332415e+00,-2.012473663720e-01
5.136735385e+04,2.969340265035e+03,-1.030396375331e+04,1.127584467257e+04,-4.065707407823e-01,1.111070149263e+00,-2.022106009887e-01
5.143309179e+04,2.942604785431e+03,-1.023089527268e+04,1.126251994422e+04,-4.068251437190e-01,1.111953807454e+00,-2.031804800845e-01
5.149855515e+04,2.915964332499e+03,-1.015807412065e+04,1.124918716403e+04,-4.070792727170e-01,1.112838227952e+00,-2.041569853291e-01
5.156375356e+04,2.889415136854e+03,-1.008548999604e+04,1.123584445610e+04,-4.073331451800e-01,1.113723492007e+00,-2.051402761597e-01
5.162868310e+04,2.862958955792e+03,-1.001314770470e+04,1.122249271037e+04,-4.075867256198e-01,1.114609496920e+00,-2.061303093354e-01
5.169334314e+04,2.836596198508e+03,-9.941048369198e+03,1.120913214961e+04,-4.078399911557e-01,1.115496183752e+00,-2.071270895471e-01
5.175773741e+04,2.810325499971e+03,-9.869188259848e+03,1.119576209785e+04,-4.080929357760e-01,1.116383552734e+00,-2.081306883580e-01
5.182186843e+04,2.784145985110e+03,-9.797564985527e+03,1.118238212104e+04,-4.083455486533e-01,1.117271587563e+00,-2.091411598536e-01
5.188573144e+04,2.758059759668e+03,-9.726184311252e+03,1.116899331335e+04,-4.085977899790e-01,1.118160170027e+00,-2.101584420548e-01
5.194933393e+04,2.732063914580e+03,-9.655038280863e+03,1.115559419971e+04,-4.088496682192e-01,1.119049351945e+00,-2.111826675494e-01
5.201267305e+04,2.706159776020e+03,-9.584130527343e+03,1.114218547921e+04,-4.091011507109e-01,1.119939040357e+00,-2.122138035334e-01
5.207575687e+04,2.680344196141e+03,-9.513452436774e+03,1.112876553466e+04,-4.093522480527e-01,1.120829295495e+00,-2.132519952268e-01
5.213857862e+04,2.654620102452e+03,-9.443012027276e+03,1.111533590204e+04,-4.096029116166e-01,1.121719967901e+00,-2.142971442906e-01
5.220113838e+04,2.628987620358e+03,-9.372809648303e+03,1.110189667395e+04,-4.098531197509e-01,1.122611003431e+00,-2.153492624487e-01
5.226344464e+04,2.603443427109e+03,-9.302836203778e+03,1.108844612743e+04,-4.101028843482e-01,1.123502467786e+00,-2.164085042103e-01
5.232549410e+04,2.577989030073e+03,-9.233095826371e+03,1.107498507198e+04,-4.103521699779e-01,1.124394258262e+00,-2.174748256402e-01
5.238728931e+04,2.552623548844e+03,-9.163586108557e+03,1.106151306270e+04,-4.106009643594e-01,1.125286354807e+00,-2.185482810926e-01
5.244883043e+04,2.527347066524e+03,-9.094307282694e+03,1.104803016448e+04,-4.108492455996e-01,1.126178703098e+00,-2.196288843148e-01
5.251011632e+04,2.502160219181e+03,-9.025261097976e+03,1.103453674270e+04,-4.110969861663e-01,1.127071228466e+00,-2.207166241750e-01
5.257114930e+04,2.477062201175e+03,-8.956445352196e+03,1.102103239413e+04,-4.113441725140e-01,1.127963906619e+00,-2.218115508823e-01
5.263193263e+04,2.452051841829e+03,-8.887856840947e+03,1.100751651326e+04,-4.115907945526e-01,1.128856726080e+00,-2.229137314635e-01
5.269246827e+04,2.427128482630e+03,-8.819493762963e+03,1.099398876501e+04,-4.118368369979e-01,1.129749656928e+00,-2.240232113472e-01
5.275275785e+04,2.402291617174e+03,-8.751354733567e+03,1.098044889400e+04,-4.120822829000e-01,1.130642663434e+00,-2.251400295033e-01
5.281279770e+04,2.377542911796e+03,-8.683444330216e+03,1.096689783516e+04,-4.123270936363e-01,1.131535630921e+00,-2.262641258626e-01
5.287258970e+04,2.352881753703e+03,-8.615760878836e+03,1.095333528623e+04,-4.125712529141e-01,1.132428525873e+00,-2.273955415918e-01
5.293213862e+04,2.328306328865e+03,-8.548299406891e+03,1.093976027701e+04,-4.128147561882e-01,1.133321358137e+00,-2.285343740961e-01
5.299144189e+04,2.303817867087e+03,-8.481063296622e+03,1.092617351516e+04,-4.130575685928e-01,1.134214026649e+00,-2.296805801424e-01
5.305049745e+04,2.279417375687e+03,-8.414055322581e+03,1.091257559911e+04,-4.132996572582e-01,1.135106437233e+00,-2.308341239245e-01
5.310931482e+04,2.255101076641e+03,-8.347265116895e+03,1.089896445582e+04,-4.135410366346e-01,1.135998670458e+00,-2.319951964824e-01
5.316788949e+04,2.230871001857e+03,-8.280698267127e+03,1.088534125162e+04,-4.137816633558e-01,1.136890593816e+00,-2.331637135977e-01
5.322622647e+04,2.206725233401e+03,-8.214349511406e+03,1.087170494054e+04,-4.140215330931e-01,1.137782219273e+00,-2.343397796203e-01
5.328432300e+04,2.182665076645e+03,-8.148222444098e+03,1.085805629294e+04,-4.142606093325e-01,1.138673439444e+00,-2.355233423762e-01
5.334218365e+04,2.158688794139e+03,-8.082312297703e+03,1.084439435778e+04,-4.144988856203e-01,1.139564258925e+00,-2.367144981589e-01
5.339980456e+04,2.134798153699e+03,-8.016623940357e+03,1.083072018020e+04,-4.147363205009e-01,1.140454551618e+00,-2.379131690230e-01
5.345719110e+04,2.110991082855e+03,-7.951151682596e+03,1.081703261377e+04,-4.149729105171e-01,1.141344333744e+00,-2.391194681280e-01
5.351434178e+04,2.087268362683e+03,-7.885897680957e+03,1.080333214554e+04,-4.152086236872e-01,1.142233514666e+00,-2.403333650868e-01
5.357126429e+04,2.063626960277e+03,-7.820853600058e+03,1.078961705623e+04,-4.154434657535e-01,1.143122146336e+00,-2.415550250359e-01
5.362795020e+04,2.040070539715e+03,-7.756029529276e+03,1.077588950946e+04,-4.156773757657e-01,1.144010028558e+00,-2.427842671369e-01
5.368440412e+04,2.016597346504e+03,-7.691420651361e+03,1.076214853144e+04,-4.159103464436e-01,1.144897164058e+00,-2.440211890094e-01
5.374062417e+04,1.993208325981e+03,-7.627029579202e+03,1.074839472435e+04,-4.161423435470e-01,1.145783453206e+00,-2.452657465077e-01
5.379661669e+04,1.969900997686e+03,-7.562849494247e+03,1.073462667550e+04,-4.163733666566e-01,1.146668925697e+00,-2.465180774618e-01
5.385238378e+04,1.946674652074e+03,-7.498878450788e+03,1.072084400215e+04,-4.166033975953e-01,1.147553544031e+00,-2.477782273123e-01
5.390792153e+04,1.923531079589e+03,-7.435121389975e+03,1.070704781073e+04,-4.168323932818e-01,1.148437174774e+00,-2.490461043613e-01
5.396323456e+04,1.900468512535e+03,-7.371573452646e+03,1.069323709484e+04,-4.170603457096e-01,1.149319819553e+00,-2.503218098335e-01
5.401831746e+04,1.877489370954e+03,-7.308241319055e+03,1.067941335708e+04,-4.172872053331e-01,1.150201319191e+00,-2.516052126525e-01
5.407317596e+04,1.854591426876e+03,-7.245118861626e+03,1.066557531472e+04,-4.175129683891e-01,1.151081691969e+00,-2.528964387988e-01
5.412781319e+04,1.831773533815e+03,-7.182202930355e+03,1.065172232189e+04,-4.177376202232e-01,1.151960914623e+00,-2.541955561046e-01
5.418222705e+04,1.809036738628e+03,-7.119496422906e+03,1.063785506413e+04,-4.179611244327e-01,1.152838878885e+00,-2.555025071324e-01
5.423642140e+04,1.786379578487e+03,-7.056995316434e+03,1.062397270081e+04,-4.181834691583e-01,1.153715572765e+00,-2.568173773661e-01
5.429039590e+04,1.763802367404e+03,-6.994700488351e+03,1.061007547447e+04,-4.184046249221e-01,1.154590915182e+00,-2.581401498061e-01
5.434414976e+04,1.741305590655e+03,-6.932613290353e+03,1.059616374076e+04,-4.186245604702e-01,1.155464817716e+00,-2.594707954374e-01
5.439768603e+04,1.718888135223e+03,-6.870730663608e+03,1.058223686915e+04,-4.188432600455e-01,1.156337253496e+00,-2.608093788776e-01
5.445100169e+04,1.696551433881e+03,-6.809056577232e+03,1.056829581238e+04,-4.190606829285e-01,1.157208096057e+00,-2.621558119047e-01
5.450410434e+04,1.674292460685e+03,-6.747582689503e+03,1.055433874114e+04,-4.192768316664e-01,1.158077392272e+00,-2.635102744213e-01
5.455699162e+04,1.652112366471e+03,-6.686312190951e+03,1.054036643164e+04,-4.194916680012e-01,1.158945025730e+00,-2.648726943100e-01
5.460966705e+04,1.630009837388e+03,-6.625241465005e+03,1.052637811360e+04,-4.197051774583e-01,1.159810975812e+00,-2.662431491305e-01
5.466212939e+04,1.607985553171e+03,-6.564372402793e+03,1.051237427531e+04,-4.199173261412e-01,1.160675143384e+00,-2.676215929261e-01
5.471437991e+04,1.586039144859e+03,-6.503703998691e+03,1.049835474518e+04,-4.201280901850e-01,1.161537469854e+00,-2.690080434763e-01
5.476641712e+04,1.564171402185e+03,-6.443238451132e+03,1.048432009620e+04,-4.203374345125e-01,1.162397850562e+00,-2.704024439488e-01
5.481824704e+04,1.542379956146e+03,-6.382969224216e+03,1.047026887300e+04,-4.205453541476e-01,1.163256304694e+00,-2.718049385973e-01
5.486986816e+04,1.520665603564e+03,-6.322898535494e+03,1.045620165090e+04,-4.207518136693e-01,1.164112726438e+00,-2.732154694591e-01
5.492127968e+04,1.499028839455e+03,-6.263027770252e+03,1.044211882165e+04,-4.209567805342e-01,1.164967021252e+00,-2.746339952514e-01
5.497248562e+04,1.477468141042e+03,-6.203352730479e+03,1.042801946413e+04,-4.211602412001e-01,1.165819173815e+00,-2.760606063036e-01
5.502348615e+04,1.455983595560e+03,-6.143873672617e+03,1.041390370248e+04,-4.213621667241e-01,1.166669104832e+00,-2.774952873265e-01
5.507428345e+04,1.434574441888e+03,-6.084588504647e+03,1.039977110428e+04,-4.215625360283e-01,1.167516768117e+00,-2.789380789245e-01
5.512487486e+04,1.413241966244e+03,-6.025500804789e+03,1.038562259238e+04,-4.217613088102e-01,1.168362035952e+00,-2.803888823689e-01
5.517526831e+04,1.391982985191e+03,-5.966601770733e+03,1.037145612400e+04,-4.219584862864e-01,1.169204957299e+00,-2.818479025266e-01
5.522546116e+04,1.370798777877e+03,-5.907894960569e+03,1.035727261485e+04,-4.221540279625e-01,1.170045403875e+00,-2.833150403920e-01
5.527545256e+04,1.349689855240e+03,-5.849381807097e+03,1.034307248249e+04,-4.223479005546e-01,1.170883277328e+00,-2.847902463162e-01
5.532524202e+04,1.328656596503e+03,-5.791063380180e+03,1.032885606558e+04,-4.225400720310e-01,1.171718484072e+00,-2.862734772914e-01
5.537483359e+04,1.307697442339e+03,-5.732935374565e+03,1.031462239188e+04,-4.227305279688e-01,1.172551007110e+00,-2.877648264771e-01
5.542422965e+04,1.286811555496e+03,-5.674995484753e+03,1.030037096680e+04,-4.229192470920e-01,1.173380800415e+00,-2.892643375155e-01
5.547342972e+04,1.265999296119e+03,-5.617244726687e+03,1.028610211154e+04,-4.231061971900e-01,1.174207769989e+00,-2.907719676533e-01
5.552243826e+04,1.245258936530e+03,-5.559678322537e+03,1.027181471413e+04,-4.232913646829e-01,1.175031904394e+00,-2.922878250409e-01
5.557125087e+04,1.224592500588e+03,-5.502301907059e+03,1.025751024654e+04,-4.234747024014e-01,1.175853042733e+00,-2.938117430235e-01
5.561987320e+04,1.203997756045e+03,-5.445109300843e+03,1.024318724428e+04,-4.236562010083e-01,1.176671192838e+00,-2.953438662167e-01
5.566830331e+04,1.183475686396e+03,-5.388103252579e+03,1.022884646957e+04,-4.238358225739e-01,1.177486234401e+00,-2.968841012189e-01
5.571654330e+04,1.163025559636e+03,-5.331281747533e+03,1.021448749421e+04,-4.240135442553e-01,1.178298114904e+00,-2.984324810034e-01
5.576459587e+04,1.142646389850e+03,-5.274642063851e+03,1.020010970453e+04,-4.241893452058e-01,1.179106791513e+00,-2.999890584669e-01
5.581245909e+04,1.122339157930e+03,-5.218186946135e+03,1.018571387497e+04,-4.243631875489e-01,1.179912142992e+00,-3.015537354366e-01
5.586013814e+04,1.102101819206e+03,-5.161910728166e+03,1.017129863691e+04,-4.245350592712e-01,1.180714167754e+00,-3.031266457615e-01
5.590763126e+04,1.081935285061e+03,-5.105815961968e+03,1.015686471850e+04,-4.247049230094e-01,1.181512746638e+00,-3.047076945332e-01
5.595493920e+04,1.061839397839e+03,-5.049902228383e+03,1.014241209360e+04,-4.248727505621e-01,1.182307802580e+00,-3.062968677401e-01
5.600206588e+04,1.041812644049e+03,-4.994165334671e+03,1.012793975572e+04,-4.250385248802e-01,1.183099311768e+00,-3.078942588553e-01
5.604900839e+04,1.021856421341e+03,-4.938609189718e+03,1.011344880017e+04,-4.252022047209e-01,1.183887134990e+00,-3.094997287451e-01
5.609577206e+04,1.001968618013e+03,-4.883227933856e+03,1.009893777903e+04,-4.253637776791e-01,1.184671271319e+00,-3.111134188138e-01
5.614235577e+04,9.821498771265e+02,-4.828023376056e+03,1.008440724320e+04,-4.255232086715e-01,1.185451610742e+00,-3.127352483460e-01
5.618876519e+04,9.623979365955e+02,-4.772989232536e+03,1.006985561114e+04,-4.256804858755e-01,1.186228157276e+00,-3.143653740310e-01
5.623499505e+04,9.427151950665e+02,-4.718132204790e+03,1.005528473157e+04,-4.258355602317e-01,1.187000731334e+00,-3.160035677523e-01
5.628104687e+04,9.231011678305e+02,-4.663450963308e+03,1.004069434145e+04,-4.259884058944e-01,1.187769266626e+00,-3.176498360801e-01
5.632692534e+04,9.035540124960e+02,-4.608940391251e+03,1.002608315755e+04,-4.261390073191e-01,1.188533749592e+00,-3.193043007135e-01
5.637263211e+04,8.840731784449e+02,-4.554598970608e+03,1.001145084653e+04,-4.262873385905e-01,1.189294115547e+00,-3.209669762356e-01
5.641816444e+04,8.646599916112e+02,-4.500430419350e+03,9.996798490709e+03,-4.264333596255e-01,1.190050226420e+00,-3.226377150065e-01
5.646352501e+04,8.453134642611e+02,-4.446432002009e+03,9.982125436797e+03,-4.265770479894e-01,1.190802034240e+00,-3.243165655568e-01
5.650871906e+04,8.260315178028e+02,-4.392597934710e+03,9.967430187605e+03,-4.267183888988e-01,1.191549532767e+00,-3.260036734334e-01
5.655374152e+04,8.068164741293e+02,-4.338934718938e+03,9.952714597289e+03,-4.268573352307e-01,1.192292544861e+00,-3.276987987326e-01
5.659859602e+04,7.876669322941e+02,-4.285438463102e+03,9.937977686631e+03,-4.269938672407e-01,1.193031037566e+00,-3.294020256374e-01
5.664328413e+04,7.685823791589e+02,-4.232107753132e+03,9.923219147718e+03,-4.271279585231e-01,1.193764943139e+00,-3.311133607825e-01
5.668780855e+04,7.495618162151e+02,-4.178939817165e+03,9.908438290801e+03,-4.272595858942e-01,1.194494212084e+00,-3.328328546732e-01
5.673216932e+04,7.306053790238e+02,-4.125935052338e+03,9.893635302692e+03,-4.273887181823e-01,1.195218751056e+00,-3.345604552855e-01
5.677636707e+04,7.117129537486e+02,-4.073093159459e+03,9.878810180034e+03,-4.275153260428e-01,1.195938476172e+00,-3.362961315093e-01
5.682040337e+04,6.928840233055e+02,-4.020412711441e+03,9.863962602953e+03,-4.276393828341e-01,1.196653318709e+00,-3.380398883604e-01
5.686428150e+04,6.741173327210e+02,-3.967890214851e+03,9.849091661462e+03,-4.277608665385e-01,1.197363237474e+00,-3.397917998320e-01
5.690799736e+04,6.554147941415e+02,-3.915531040759e+03,9.834198958173e+03,-4.278797347353e-01,1.198068071390e+00,-3.415516427415e-01
5.695155551e+04,6.367746021858e+02,-3.863330155422e+03,9.819283147491e+03,-4.279959690136e-01,1.198767799751e+00,-3.433195404441e-01
5.699495976e+04,6.181952842713e+02,-3.811283452110e+03,9.804343127859e+03,-4.281095482217e-01,1.199462388348e+00,-3.450955880216e-01
5.703820699e+04,5.996783286519e+02,-3.759395117962e+03,9.789380176833e+03,-4.282204330728e-01,1.200151692046e+00,-3.468795968739e-01
5.708130137e+04,5.812220961018e+02,-3.707660578263e+03,9.774393053655e+03,-4.283286033141e-01,1.200835682334e+00,-3.486716770296e-01
5.712424434e+04,5.628261212398e+02,-3.656078545319e+03,9.759381455670e+03,-4.284340313570e-01,1.201514286417e+00,-3.504718264097e-01
5.716703401e+04,5.444913631458e+02,-3.604651726726e+03,9.744346247642e+03,-4.285366816448e-01,1.202187379032e+00,-3.522799015829e-01
5.720967495e+04,5.262160190586e+02,-3.553375084045e+03,9.729286032214e+03,-4.286365342100e-01,1.202854936296e+00,-3.540960299500e-01
5.725216826e+04,5.079997640010e+02,-3.502247721550e+03,9.714200613588e+03,-4.287335605071e-01,1.203516879481e+00,-3.559201940939e-01
5.729451069e+04,4.898441409273e+02,-3.451273988456e+03,9.699091352874e+03,-4.288277224269e-01,1.204173062341e+00,-3.577521866257e-01
5.733670589e+04,4.717477333058e+02,-3.400449927389e+03,9.683957159314e+03,-4.289189976430e-01,1.204823446034e+00,-3.595920956751e-01
5.737875881e+04,4.537085694280e+02,-3.349770016677e+03,9.668796455132e+03,-4.290073658950e-01,1.205468010463e+00,-3.614400690230e-01
5.742066846e+04,4.357272225836e+02,-3.299235881773e+03,9.653609788513e+03,-4.290927940535e-01,1.206106643843e+00,-3.632959950847e-01
5.746243562e+04,4.178035040991e+02,-3.248847008655e+03,9.638397072698e+03,-4.291752529717e-01,1.206739261803e+00,-3.651598382469e-01
5.750406062e+04,3.999374220861e+02,-3.198603436960e+03,9.623158389919e+03,-4.292547127351e-01,1.207365773067e+00,-3.670315409911e-01
5.754554611e+04,3.821279857750e+02,-3.148502396737e+03,9.607892968160e+03,-4.293311478600e-01,1.207986121205e+00,-3.689111497788e-01
5.758689087e+04,3.643758652911e+02,-3.098545789904e+03,9.592601456746e+03,-4.294045257270e-01,1.208600191769e+00,-3.707985351146e-01
5.762810136e+04,3.466784349986e+02,-3.048726242427e+03,9.577281660308e+03,-4.294748272012e-01,1.209207983938e+00,-3.726939178584e-01
5.766917524e+04,3.290368470632e+02,-2.999047011303e+03,9.561934636943e+03,-4.295420175866e-01,1.209809366138e+00,-3.745971162301e-01
5.771011579e+04,3.114498389556e+02,-2.949504555459e+03,9.546559352105e+03,-4.296060717702e-01,1.210404289541e+00,-3.765082063641e-01
5.775092024e+04,2.939187472959e+02,-2.900102655357e+03,9.531157042407e+03,-4.296669552216e-01,1.210992617319e+00,-3.784269810348e-01
5.779159084e+04,2.764427531099e+02,-2.850839019988e+03,9.515727063636e+03,-4.297246415056e-01,1.211574285802e+00,-3.803534654563e-01
5.783213146e+04,2.590203347865e+02,-2.801709374308e+03,9.500268136210e+03,-4.297791060191e-01,1.212149253780e+00,-3.822877638674e-01
5.787254512e+04,2.416503420484e+02,-2.752710485828e+03,9.484779289564e+03,-4.298303222815e-01,1.212717466470e+00,-3.842299418006e-01
5.791282982e+04,2.243337818515e+02,-2.703845206865e+03,9.469261474431e+03,-4.298782574609e-01,1.213278798379e+00,-3.861798228235e-01
5.795298885e+04,2.070693786285e+02,-2.655109950148e+03,9.453713602469e+03,-4.299228854112e-01,1.213833198447e+00,-3.881374852032e-01
5.799302083e+04,1.898578802961e+02,-2.606506839230e+03,9.438136402181e+03,-4.299641746484e-01,1.214380550309e+00,-3.901027775444e-01
5.803292760e+04,1.726986290947e+02,-2.558034029927e+03,9.422529337554e+03,-4.300020975038e-01,1.214920782892e+00,-3.920757064082e-01
5.807271170e+04,1.555906873034e+02,-2.509688884969e+03,9.406891607958e+03,-4.300366266366e-01,1.215453833301e+00,-3.940563111077e-01
5.811237600e+04,1.385329562106e+02,-2.461468308927e+03,9.391222251211e+03,-4.300677345488e-01,1.215979642687e+00,-3.960446509052e-01
5.815191917e+04,1.215261548008e+02,-2.413374343943e+03,9.375521970924e+03,-4.300953903895e-01,1.216498095951e+00,-3.980405726473e-01
5.819134482e+04,1.045688798107e+02,-2.365403031086e+03,9.359789513687e+03,-4.301195669893e-01,1.217009142932e+00,-4.000441706293e-01
5.823065042e+04,8.766235172494e+01,-2.317557832981e+03,9.344026056271e+03,-4.301402334068e-01,1.217512654195e+00,-4.020552286011e-01
5.826983970e+04,7.080511835170e+01,-2.269834650328e+03,9.328230291135e+03,-4.301573624548e-01,1.218008580608e+00,-4.040738456659e-01
5.830891361e+04,5.399691205137e+01,-2.222232733953e+03,9.312402005618e+03,-4.301709252297e-01,1.218496837142e+00,-4.060999804144e-01
5.834787452e+04,3.723685717041e+01,-2.174749611474e+03,9.296540408793e+03,-4.301808932199e-01,1.218977356107e+00,-4.081336644319e-01
5.838672378e+04,2.052451036827e+01,-2.127384033094e+03,9.280645109000e+03,-4.301872373710e-01,1.219450056758e+00,-4.101748772400e-01
5.842546254e+04,3.859528769180e+00,-2.080135032816e+03,9.264715805954e+03,-4.301899285639e-01,1.219914855304e+00,-4.122235854988e-01
5.846409013e+04,-1.275766381069e+01,-2.033003818937e+03,9.248752934669e+03,-4.301889378407e-01,1.220371646937e+00,-4.142796599045e-01
5.850261073e+04,-2.932872099524e+01,-1.985985706791e+03,9.232754931222e+03,-4.301842361432e-01,1.220820383849e+00,-4.163432274410e-01
5.854102473e+04,-4.585366877064e+01,-1.939080626210e+03,9.216721786479e+03,-4.301757942816e-01,1.221260972919e+00,-4.184142138358e-01
5.857933246e+04,-6.233250775434e+01,-1.892288579723e+03,9.200653519008e+03,-4.301635834092e-01,1.221693320805e+00,-4.204925397928e-01
5.861753541e+04,-7.876572825184e+01,-1.845608179348e+03,9.184549669746e+03,-4.301475745027e-01,1.222117347204e+00,-4.225781864630e-01
5.865563511e+04,-9.515385693134e+01,-1.799037932378e+03,9.168409737588e+03,-4.301277383950e-01,1.222532972404e+00,-4.246711393145e-01
5.869363357e+04,-1.114976123983e+02,-1.752575798809e+03,9.152233024042e+03,-4.301040454862e-01,1.222940121034e+00,-4.267714083258e-01
5.873153151e+04,-1.277971599291e+02,-1.706221310142e+03,9.136019371557e+03,-4.300764668582e-01,1.223338703560e+00,-4.288789320848e-01
5.876933165e+04,-1.440535263091e+02,-1.659971546394e+03,9.119767759228e+03,-4.300449720331e-01,1.223728651163e+00,-4.309937602095e-01
5.880703415e+04,-1.602666423076e+02,-1.613826703764e+03,9.103478252847e+03,-4.300095324287e-01,1.224109868150e+00,-4.331157997712e-01
5.884464028e+04,-1.764369071053e+02,-1.567785645533e+03,9.087150448695e+03,-4.299701187152e-01,1.224482270207e+00,-4.352450175667e-01
5.888215224e+04,-1.925651281876e+02,-1.521846070666e+03,9.070783522878e+03,-4.299267004006e-01,1.224845781951e+00,-4.373814339808e-01
5.891956997e+04,-2.086511353017e+02,-1.476008461837e+03,9.054377637997e+03,-4.298792495707e-01,1.225200305697e+00,-4.395249393500e-01
5.895689556e+04,-2.246956826019e+02,-1.430270667502e+03,9.037932013451e+03,-4.298277358031e-01,1.225545764402e+00,-4.416755458186e-01
5.899413162e+04,-2.406997529824e+02,-1.384629880915e+03,9.021445620143e+03,-4.297721274686e-01,1.225882084867e+00,-4.438332969024e-01
5.903127757e+04,-2.566629500622e+02,-1.339087227331e+03,9.004918843342e+03,-4.297123976468e-01,1.226209164585e+00,-4.459980496827e-01
5.906833551e+04,-2.725860356455e+02,-1.293640528245e+03,8.988350871534e+03,-4.296485154580e-01,1.226526925351e+00,-4.481698164807e-01
5.910530791e+04,-2.884699310283e+02,-1.248287146800e+03,8.971740713228e+03,-4.295804489142e-01,1.226835291057e+00,-4.503486319979e-01
5.914219541e+04,-3.043147598833e+02,-1.203026721364e+03,8.955088201008e+03,-4.295081691864e-01,1.227134169431e+00,-4.525344215175e-01
5.917899892e+04,-3.201207723970e+02,-1.157858528778e+03,8.938393033862e+03,-4.294316471071e-01,1.227423470892e+00,-4.547271263553e-01
5.921572020e+04,-3.358885831237e+02,-1.112780803477e+03,8.921654520690e+03,-4.293508517469e-01,1.227703112368e+00,-4.569267376206e-01
5.925235995e+04,-3.516183461045e+02,-1.067793094991e+03,8.904872452804e+03,-4.292657544785e-01,1.227973002336e+00,-4.591331815910e-01
5.928892077e+04,-3.673110334425e+02,-1.022892611605e+03,8.888045741767e+03,-4.291763221675e-01,1.228233062975e+00,-4.613464987548e-01
5.932540355e+04,-3.829668817817e+02,-9.780786632242e+02,8.871174075642e+03,-4.290825255158e-01,1.228483203384e+00,-4.635666260446e-01
5.936180991e+04,-3.985864409587e+02,-9.333496621714e+02,8.854256800121e+03,-4.289843333883e-01,1.228723337571e+00,-4.657935439180e-01
5.939814004e+04,-4.141696445195e+02,-8.887057846894e+02,8.837293924257e+03,-4.288817186103e-01,1.228953370072e+00,-4.680271439650e-01
5.943439736e+04,-4.297178203218e+02,-8.441432108808e+02,8.820283932114e+03,-4.287746447461e-01,1.229173225664e+00,-4.702675170355e-01
5.947058135e+04,-4.452305919973e+02,-7.996630025551e+02,8.803227159813e+03,-4.286630867386e-01,1.229382804108e+00,-4.725145085173e-01
5.950669453e+04,-4.607088995757e+02,-7.552624469903e+02,8.786122496118e+03,-4.285470103970e-01,1.229582023463e+00,-4.747681528383e-01
5.954273773e+04,-4.761529472966e+02,-7.109409394277e+02,8.768969630811e+03,-4.284263867155e-01,1.229770791440e+00,-4.770283772987e-01
5.957871368e+04,-4.915637522829e+02,-6.666955403227e+02,8.751767342058e+03,-4.283011801920e-01,1.229949025195e+00,-4.792952276850e-01
5.961462290e+04,-5.069414001026e+02,-6.225259819020e+02,8.734515435425e+03,-4.281713625448e-01,1.230116630194e+00,-4.815686127379e-01
5.965046621e+04,-5.222860828489e+02,-5.784316903418e+02,8.717213596624e+03,-4.280369049317e-01,1.230273513583e+00,-4.838484553045e-01
5.968624645e+04,-5.375988702360e+02,-5.344095678055e+02,8.699860512450e+03,-4.278977706565e-01,1.230419590946e+00,-4.861348081447e-01
5.972196388e+04,-5.528797263174e+02,-4.904596922805e+02,8.682456110164e+03,-4.277539327312e-01,1.230554766410e+00,-4.884275588310e-01
5.975762128e+04,-5.681296862244e+02,-4.465790598343e+02,8.664999091059e+03,-4.276053541205e-01,1.230678953451e+00,-4.907267546741e-01
5.979321903e+04,-5.833487583547e+02,-4.027676180544e+02,8.647489319090e+03,-4.274520074545e-01,1.230792056266e+00,-4.930322880357e-01
5.982875810e+04,-5.985372128885e+02,-3.590245608857e+02,8.629926356830e+03,-4.272938631109e-01,1.230893981616e+00,-4.953440891968e-01
5.986424141e+04,-6.136961371450e+02,-3.153467263953e+02,8.612308810768e+03,-4.271308827173e-01,1.230984641027e+00,-4.976622124176e-01
5.989966958e+04,-6.288256429973e+02,-2.717337599405e+02,8.594636406327e+03,-4.269630379480e-01,1.231063939033e+00,-4.999865627903e-01
5.993504490e+04,-6.439265564418e+02,-2.281832467875e+02,8.576908027935e+03,-4.267902925767e-01,1.231131783745e+00,-5.023171541221e-01
5.997036838e+04,-6.589991521558e+02,-1.846943593708e+02,8.559123194658e+03,-4.266126163760e-01,1.231188079917e+00,-5.046539147973e-01
6.000564063e+04,-6.740435351505e+02,-1.412667589903e+02,8.541281622755e+03,-4.264299813809e-01,1.231232732021e+00,-5.069967454018e-01
6.004086502e+04,-6.890609800502e+02,-9.789672823462e+01,8.523381630356e+03,-4.262423452246e-01,1.231265647340e+00,-5.093457280782e-01
6.007604212e+04,-7.040515786469e+02,-5.458396163760e+01,8.505422927356e+03,-4.260496797067e-01,1.231286728997e+00,-5.117007601393e-01
6.011117214e+04,-7.190152549432e+02,-1.132863879235e+01,8.487405425824e+03,-4.258519593171e-01,1.231295880828e+00,-5.140617105054e-01
6.014625791e+04,-7.339530545200e+02,3.187230430510e+01,8.469327680805e+03,-4.256491438127e-01,1.231293007317e+00,-5.164286238784e-01
6.018130166e+04,-7.488657707593e+02,7.502120709357e+01,8.451188531038e+03,-4.254411955789e-01,1.231278011005e+00,-5.188015054279e-01
6.021630372e+04,-7.637533747781e+02,1.181180321382e+02,8.432987805163e+03,-4.252280883480e-01,1.231250794760e+00,-5.211802286370e-01
6.025126586e+04,-7.786164553753e+02,1.611645308345e+02,8.414724573292e+03,-4.250097873120e-01,1.231211260749e+00,-5.235647640668e-01
6.028619075e+04,-7.934559901146e+02,2.041635842547e+02,8.396397411122e+03,-4.247862514644e-01,1.231159308773e+00,-5.259551444113e-01
6.032107892e+04,-8.082720281486e+02,2.471153864913e+02,8.378006026697e+03,-4.245574534511e-01,1.231094840888e+00,-5.283512522711e-01
6.035593209e+04,-8.230651391041e+02,2.900216415501e+02,8.359549477272e+03,-4.243233581309e-01,1.231017757193e+00,-5.307530528613e-01
6.039075212e+04,-8.378359413575e+02,3.328841978465e+02,8.341026745781e+03,-4.240839293226e-01,1.230927956673e+00,-5.331605186113e-01
6.042554009e+04,-8.525847174883e+02,3.757039318713e+02,8.322437225042e+03,-4.238391361668e-01,1.230825339822e+00,-5.355735662514e-01
6.046029698e+04,-8.673117140713e+02,4.184816168350e+02,8.303780347647e+03,-4.235889486318e-01,1.230709807638e+00,-5.379921050775e-01
6.049502539e+04,-8.820178634104e+02,4.612200204171e+02,8.285054665738e+03,-4.233333249044e-01,1.230581255179e+00,-5.404161560138e-01
6.052972681e+04,-8.967036156737e+02,5.039205132256e+02,8.266259327055e+03,-4.230722310307e-01,1.230439580255e+00,-5.428456601007e-01
6.056440407e+04,-9.113699983851e+02,5.465861482465e+02,8.247392724079e+03,-4.228056224009e-01,1.230284673933e+00,-5.452806532281e-01
6.059905740e+04,-9.260169200504e+02,5.892167265024e+02,8.228454673806e+03,-4.225334744497e-01,1.230116438133e+00,-5.477209846641e-01
6.063368847e+04,-9.406449171194e+02,6.318138773229e+02,8.209444178425e+03,-4.222557513968e-01,1.229934768313e+00,-5.501666063476e-01
6.066829959e+04,-9.552547741202e+02,6.743799559875e+02,8.190359901887e+03,-4.219724124266e-01,1.229739555808e+00,-5.526175108476e-01
6.070289164e+04,-9.698466816116e+02,7.169155904076e+02,8.171201269825e+03,-4.216834280289e-01,1.229530699099e+00,-5.550735900567e-01
6.073746738e+04,-9.844216228481e+02,7.594237219865e+02,8.151966654684e+03,-4.213887529046e-01,1.229308084805e+00,-5.575348680538e-01
6.077202738e+04,-9.989796410179e+02,8.019045540659e+02,8.132655653133e+03,-4.210883604384e-01,1.229071612850e+00,-5.600012092173e-01
6.080657400e+04,-1.013521552692e+03,8.443605486486e+02,8.113266827444e+03,-4.207822082327e-01,1.228821170687e+00,-5.624726073103e-01
6.084110807e+04,-1.028047504395e+03,8.867922148340e+02,8.093799618331e+03,-4.204702677918e-01,1.228556656514e+00,-5.649489410607e-01
6.087563240e+04,-1.042558491543e+03,9.292025441765e+02,8.074252316480e+03,-4.201524923572e-01,1.228277952669e+00,-5.674302324995e-01
6.091014709e+04,-1.057054356859e+03,9.715911627273e+02,8.054624750123e+03,-4.198288602218e-01,1.227984962851e+00,-5.699163053189e-01
6.094465561e+04,-1.071536359052e+03,1.013961839410e+03,8.034914820090e+03,-4.194993181997e-01,1.227677562119e+00,-5.724072243925e-01
6.097916017e+04,-1.086005228430e+03,1.056316803779e+03,8.015121116847e+03,-4.191638240890e-01,1.227355633949e+00,-5.749029633765e-01
6.101366037e+04,-1.100460588962e+03,1.098655048752e+03,7.995243735517e+03,-4.188223615884e-01,1.227019086666e+00,-5.774033032444e-01
6.104815944e+04,-1.114903596202e+03,1.140980054368e+03,7.975280659516e+03,-4.184748786784e-01,1.226667793678e+00,-5.799082877894e-01
6.108265952e+04,-1.129334929607e+03,1.183293911700e+03,7.955230502413e+03,-4.181213339033e-01,1.226301637489e+00,-5.824178775672e-01
6.111716067e+04,-1.143754412153e+03,1.225596202895e+03,7.935093057250e+03,-4.177617069889e-01,1.225920522441e+00,-5.849318823337e-01
6.115166501e+04,-1.158162710468e+03,1.267888986058e+03,7.914866934605e+03,-4.173959572182e-01,1.225524331637e+00,-5.874502566586e-01
6.118617521e+04,-1.172560730915e+03,1.310175027974e+03,7.894550386268e+03,-4.170240373017e-01,1.225112940041e+00,-5.899729958023e-01
6.122069335e+04,-1.186949113159e+03,1.352456317498e+03,7.874142016386e+03,-4.166459062662e-01,1.224686228469e+00,-5.925000471030e-01
6.125521875e+04,-1.201327364560e+03,1.394731517660e+03,7.853642028315e+03,-4.162615533933e-01,1.224244112126e+00,-5.950311568085e-01
6.128975588e+04,-1.215697115884e+03,1.437005536910e+03,7.833047588357e+03,-4.158709115526e-01,1.223786441370e+00,-5.975664428614e-01
6.132430587e+04,-1.230058611043e+03,1.479279211265e+03,7.812357816757e+03,-4.154739502125e-01,1.223313107646e+00,-6.001057776533e-01
6.135886952e+04,-1.244411955934e+03,1.521552971959e+03,7.791572026006e+03,-4.150706432313e-01,1.222824007931e+00,-6.026490068241e-01
6.139344983e+04,-1.258758159943e+03,1.563829914391e+03,7.770688205943e+03,-4.146609392080e-01,1.222319008302e+00,-6.051961341062e-01
6.142804797e+04,-1.273097477421e+03,1.606110914067e+03,7.749705422569e+03,-4.142448079260e-01,1.221798000061e+00,-6.077470275514e-01
6.146266496e+04,-1.287430091506e+03,1.648396638300e+03,7.728622838093e+03,-4.138222217889e-01,1.221260878019e+00,-6.103015401741e-01
6.149730401e+04,-1.301757084124e+03,1.690690409923e+03,7.707438275579e+03,-4.133931267261e-01,1.220707502924e+00,-6.128596831779e-01
6.153196443e+04,-1.316077932337e+03,1.732990817734e+03,7.686151915135e+03,-4.129575168485e-01,1.220137797350e+00,-6.154211791300e-01
6.156665146e+04,-1.330394552322e+03,1.775303658101e+03,7.664760297920e+03,-4.125153123666e-01,1.219551587103e+00,-6.179861846207e-01
6.160136370e+04,-1.344706108711e+03,1.817626601664e+03,7.643264047438e+03,-4.120665178627e-01,1.218948808662e+00,-6.205543615830e-01
6.163610470e+04,-1.359013821902e+03,1.859963398383e+03,7.621660699891e+03,-4.116110746360e-01,1.218329314389e+00,-6.231257380165e-01
6.167087563e+04,-1.373317906047e+03,1.902314826997e+03,7.599949282669e+03,-4.111489555035e-01,1.217692998457e+00,-6.257001592334e-01
6.170567682e+04,-1.387618239652e+03,1.944680673466e+03,7.578129328192e+03,-4.106801450603e-01,1.217039771824e+00,-6.282774074603e-01
6.174051059e+04,-1.401915512168e+03,1.987063127898e+03,7.556199124048e+03,-4.102046020921e-01,1.216369509860e+00,-6.308574084927e-01
6.177537838e+04,-1.416210048577e+03,2.029463304326e+03,7.534157497424e+03,-4.097222975957e-01,1.215682104752e+00,-6.334400201085e-01
6.181028320e+04,-1.430502815092e+03,2.071884223283e+03,7.512002266655e+03,-4.092331810117e-01,1.214977417546e+00,-6.360252136460e-01
6.184522377e+04,-1.444793010921e+03,2.114323663446e+03,7.489733977406e+03,-4.087372628527e-01,1.214255397425e+00,-6.386126383133e-01
6.188020467e+04,-1.459082231398e+03,2.156786520719e+03,7.467349436374e+03,-4.082344714959e-01,1.213515874571e+00,-6.412023744621e-01
6.191522323e+04,-1.473369109449e+03,2.199268891684e+03,7.444850073164e+03,-4.077248398515e-01,1.212758832721e+00,-6.437939631411e-01
6.195028293e+04,-1.487654785255e+03,2.241774325550e+03,7.422233381195e+03,-4.072083134741e-01,1.211984127539e+00,-6.463873972003e-01
6.198538584e+04,-1.501939811014e+03,2.284304629328e+03,7.399497752198e+03,-4.066848586690e-01,1.211191644756e+00,-6.489825605651e-01
6.202053129e+04,-1.516223633740e+03,2.326858321068e+03,7.376643330342e+03,-4.061544832709e-01,1.210381333525e+00,-6.515791337426e-01
6.205571983e+04,-1.530506180181e+03,2.369435345609e+03,7.353669502991e+03,-4.056171793530e-01,1.209553120535e+00,-6.541768816152e-01
6.209095441e+04,-1.544788361392e+03,2.412038584705e+03,7.330574062383e+03,-4.050729027291e-01,1.208706876850e+00,-6.567757455827e-01
6.212623405e+04,-1.559069483325e+03,2.454666134909e+03,7.307357383999e+03,-4.045216711478e-01,1.207842570093e+00,-6.593753724809e-01
6.216155969e+04,-1.573349626906e+03,2.497318403250e+03,7.284018595655e+03,-4.039634746297e-01,1.206960126121e+00,-6.619755475587e-01
6.219693080e+04,-1.587628289269e+03,2.539994052347e+03,7.260557782558e+03,-4.033983277044e-01,1.206059510736e+00,-6.645759472713e-01
6.223234946e+04,-1.601906000915e+03,2.582694832738e+03,7.236973334607e+03,-4.028262056686e-01,1.205140628389e+00,-6.671764338392e-01
6.226781431e+04,-1.616181922735e+03,2.625418399251e+03,7.213265902190e+03,-4.022471401308e-01,1.204203474905e+00,-6.697766176904e-01
6.230332494e+04,-1.630455587330e+03,2.668163513859e+03,7.189435541985e+03,-4.016611504824e-01,1.203248028703e+00,-6.723761747004e-01
6.233888355e+04,-1.644727574689e+03,2.710932074754e+03,7.165480563723e+03,-4.010682147676e-01,1.202274201940e+00,-6.749749693388e-01
6.237448702e+04,-1.658996335333e+03,2.753719597216e+03,7.141402858422e+03,-4.004684014551e-01,1.201282056746e+00,-6.775724762865e-01
6.241013608e+04,-1.673261860862e+03,2.796526210060e+03,7.117201750998e+03,-3.998617176843e-01,1.200271556754e+00,-6.801684490047e-01
6.244583042e+04,-1.687523730808e+03,2.839350804344e+03,7.092877271070e+03,-3.992481899989e-01,1.199242699318e+00,-6.827625641923e-01
6.248156828e+04,-1.701780940017e+03,2.882190510276e+03,7.068430468716e+03,-3.986278729257e-01,1.198195531058e+00,-6.853543907138e-01
6.251734734e+04,-1.716032271486e+03,2.925041812570e+03,7.043862797271e+03,-3.980008339222e-01,1.197130123649e+00,-6.879434578299e-01
6.255316757e+04,-1.730277421344e+03,2.967903934227e+03,7.019174168795e+03,-3.973671035787e-01,1.196046488965e+00,-6.905294597466e-01
6.258902665e+04,-1.744515176456e+03,3.010773356806e+03,6.994366096129e+03,-3.967267558005e-01,1.194944715369e+00,-6.931119247691e-01
6.262492267e+04,-1.758744494075e+03,3.053647065034e+03,6.969439839366e+03,-3.960798606806e-01,1.193824888067e+00,-6.956904118055e-01
6.266085411e+04,-1.772964492812e+03,3.096522521218e+03,6.944396414468e+03,-3.954264844973e-01,1.192687088769e+00,-6.982645088670e-01
6.269681792e+04,-1.787173688669e+03,3.139395360897e+03,6.919237942534e+03,-3.947667249747e-01,1.191531457303e+00,-7.008336951173e-01
6.273281306e+04,-1.801371401809e+03,3.182263635414e+03,6.893965168123e+03,-3.941006463883e-01,1.190358078424e+00,-7.033975957056e-01
6.276883541e+04,-1.815555739889e+03,3.225121724785e+03,6.868581040288e+03,-3.934283736780e-01,1.189167147200e+00,-7.059556176796e-01
6.280488244e+04,-1.829725455316e+03,3.267965942278e+03,6.843087420750e+03,-3.927500059752e-01,1.187958817390e+00,-7.085072860443e-01
6.284095153e+04,-1.843879264644e+03,3.310792481054e+03,6.817486288107e+03,-3.920656480991e-01,1.186733256594e+00,-7.110521209970e-01
6.287703807e+04,-1.858015122066e+03,3.353595213020e+03,6.791781064841e+03,-3.913754462541e-01,1.185490710804e+00,-7.135895080095e-01
6.291314111e+04,-1.872132419165e+03,3.396372348305e+03,6.765972622857e+03,-3.906794808265e-01,1.184231311698e+00,-7.161190931969e-01
6.294925535e+04,-1.886228857728e+03,3.439116964747e+03,6.740064976949e+03,-3.899779193237e-01,1.182955352300e+00,-7.186402225637e-01
6.298537804e+04,-1.900303156989e+03,3.481825207378e+03,6.714060352573e+03,-3.892708836508e-01,1.181663047617e+00,-7.211524280063e-01
6.302150470e+04,-1.914353361291e+03,3.524491158447e+03,6.687962288593e+03,-3.885585338689e-01,1.180354686622e+00,-7.236551247680e-01
